-- phpMyAdmin SQL Dump
-- version 4.4.15.5
-- http://www.phpmyadmin.net
--
-- Хост: 127.0.0.1:3306
-- Время создания: Июн 16 2016 г., 18:47
-- Версия сервера: 5.5.48
-- Версия PHP: 5.5.33

SET SQL_MODE = "NO_AUTO_VALUE_ON_ZERO";
SET time_zone = "+00:00";


/*!40101 SET @OLD_CHARACTER_SET_CLIENT=@@CHARACTER_SET_CLIENT */;
/*!40101 SET @OLD_CHARACTER_SET_RESULTS=@@CHARACTER_SET_RESULTS */;
/*!40101 SET @OLD_COLLATION_CONNECTION=@@COLLATION_CONNECTION */;
/*!40101 SET NAMES utf8mb4 */;

--
-- База данных: `zf_arize`
--

-- --------------------------------------------------------

--
-- Структура таблицы `zf_gparser_category`
--

CREATE TABLE IF NOT EXISTS `zf_gparser_category` (
  `id_gparser_category` int(11) NOT NULL,
  `category_name` varchar(255) NOT NULL,
  `category_external_id` bigint(20) NOT NULL
) ENGINE=InnoDB AUTO_INCREMENT=55 DEFAULT CHARSET=utf8;

--
-- Дамп данных таблицы `zf_gparser_category`
--

INSERT INTO `zf_gparser_category` (`id_gparser_category`, `category_name`, `category_external_id`) VALUES
(28, 'Аварийные / справочные / экстренные службы', 1126020165932331),
(29, 'Автосервис / Автотовары', 1126020165969815),
(30, 'Город / Власть', 1126020165926913),
(31, 'Досуг / Развлечения / Общественное питание', 1126020165926914),
(32, 'Интернет / Связь / Информационные технологии', 1126020165946444),
(33, 'Коммунальные / бытовые / ритуальные услуги', 1126020165926922),
(34, 'Компьютеры / Бытовая техника / Офисная техника', 1126020165926915),
(35, 'Культура / Искусство / Религия', 1126020165926916),
(36, 'Мебель / Материалы / Фурнитура', 1126020165927699),
(37, 'Медицина / Здоровье / Красота', 1126020165926917),
(38, 'Металлы / Топливо / Химия', 1126020165926925),
(39, 'Оборудование / Инструмент', 1126020165926927),
(40, 'Образование / Работа / Карьера', 1126020165926918),
(41, 'Одежда / Обувь', 1126020165927947),
(42, 'Охрана / Безопасность', 1126020165928533),
(43, 'Продукты питания / Напитки', 1126020165926926),
(44, 'Реклама / Полиграфия / СМИ', 1126020165926919),
(45, 'Спорт / Отдых / Туризм', 1126020165926920),
(46, 'Строительные / отделочные материалы', 1126020165969779),
(47, 'Строительство / Недвижимость / Ремонт', 1126020165926921),
(48, 'Текстиль / Предметы интерьера', 1126020165969784),
(49, 'Товары для животных / Ветеринария', 1126020165927658),
(50, 'Торговые комплексы / Спецмагазины', 1126020165933459),
(51, 'Транспорт / Грузоперевозки', 1126020165926924),
(52, 'Хозтовары / Канцелярия / Упаковка', 1126020165926923),
(53, 'Электроника / Электротехника', 1126020165969775),
(54, 'Юридические / финансовые / бизнес-услуги', 1126020165927881);

-- --------------------------------------------------------

--
-- Структура таблицы `zf_gparser_contact`
--

CREATE TABLE IF NOT EXISTS `zf_gparser_contact` (
  `id_gparser_contact` int(11) NOT NULL,
  `id_gparser_firm` int(11) NOT NULL,
  `contact_type` varchar(20) NOT NULL,
  `contact_value` varchar(255) NOT NULL,
  `contact_data` varchar(255) NOT NULL
) ENGINE=InnoDB AUTO_INCREMENT=576 DEFAULT CHARSET=utf8;

--
-- Дамп данных таблицы `zf_gparser_contact`
--

INSERT INTO `zf_gparser_contact` (`id_gparser_contact`, `id_gparser_firm`, `contact_type`, `contact_value`, `contact_data`) VALUES
(1, 1, 'phone', '+78432404261', '+78432404261'),
(2, 1, 'phone', '+79662404261', '+79662404261'),
(3, 1, 'phone', '+78432404260', '+78432404260'),
(4, 1, 'phone', '+79662404260', '+79662404260'),
(5, 2, 'phone', '+78432122403', '+78432122403'),
(6, 2, 'phone', '+78432769359', '+78432769359'),
(7, 2, 'phone', '+78432485577', '+78432485577'),
(8, 2, 'phone', '+78432452821', '+78432452821'),
(9, 2, 'phone', '+78432390565', '+78432390565'),
(10, 3, 'phone', '+78432522155', '+78432522155'),
(11, 3, 'phone', '+79506662155', '+79506662155'),
(12, 3, 'phone', '+78432654555', '+78432654555'),
(13, 4, 'phone', '+78432530806', '+78432530806'),
(14, 4, 'phone', '+78432400039', '+78432400039'),
(15, 4, 'phone', '+78432589190', '+78432589190'),
(16, 5, 'phone', '+78432268511', '+78432268511'),
(17, 5, 'phone', '+79274359181', '+79274359181'),
(18, 6, 'phone', '+78432534954', '+78432534954'),
(19, 7, 'phone', '+78432725725', '+78432725725'),
(20, 7, 'phone', '+78432722210', '+78432722210'),
(21, 8, 'phone', '+78432538242', '+78432538242'),
(22, 9, 'phone', '+79172609781', '+79172609781'),
(23, 9, 'phone', '+79872097520', '+79872097520'),
(24, 9, 'phone', '+78432531302', '+78432531302'),
(25, 9, 'phone', '+79053111157', '+79053111157'),
(26, 9, 'phone', '+79600484342', '+79600484342'),
(27, 10, 'phone', '+78432908303', '+78432908303'),
(28, 10, 'phone', '+78432450806', '+78432450806'),
(29, 10, 'phone', '+79872908303', '+79872908303'),
(30, 10, 'phone', '+79674640000', '+79674640000'),
(31, 11, 'phone', '+78435000062', '+78435000062'),
(32, 12, 'phone', '+78432450900', '+78432450900'),
(33, 12, 'phone', '+78432225220', '+78432225220'),
(34, 12, 'phone', '+78432225355', '+78432225355'),
(35, 13, 'phone', '+78432040600', '+78432040600'),
(36, 13, 'phone', '+78432040800', '+78432040800'),
(37, 13, 'phone', '+79179006050', '+79179006050'),
(38, 14, 'phone', '+79179236761', '+79179236761'),
(39, 14, 'phone', '+78432530218', '+78432530218'),
(40, 15, 'phone', '+78435550000', '+78435550000'),
(41, 15, 'phone', '+78435550101', '+78435550101'),
(42, 16, 'phone', '+78432961203', '+78432961203'),
(43, 16, 'phone', '+78432961204', '+78432961204'),
(44, 17, 'phone', '+78432406408', '+78432406408'),
(45, 17, 'phone', '+78432782828', '+78432782828'),
(46, 18, 'phone', '+78432272770', '+78432272770'),
(47, 18, 'phone', '+79872262608', '+79872262608'),
(48, 18, 'phone', '+79872262609', '+79872262609'),
(49, 19, 'phone', '+78432122916', '+78432122916'),
(50, 19, 'phone', '+78432392425', '+78432392425'),
(51, 20, 'phone', '+79872906565', '+79872906565'),
(52, 20, 'phone', '+78435540004', '+78435540004'),
(53, 20, 'phone', '+78432973615', '+78432973615'),
(54, 21, 'phone', '+78432536939', '+78432536939'),
(55, 21, 'phone', '+78432401221', '+78432401221'),
(56, 21, 'phone', '+78432402140', '+78432402140'),
(57, 21, 'phone', '+78432536938', '+78432536938'),
(58, 22, 'phone', '+78432591918', '+78432591918'),
(59, 23, 'phone', '+78432122403', '+78432122403'),
(60, 23, 'phone', '+78432485535', '+78432485535'),
(61, 23, 'phone', '+78432485562', '+78432485562'),
(62, 24, 'phone', '+78432039464', '+78432039464'),
(63, 25, 'phone', '+78432040000', '+78432040000'),
(64, 25, 'phone', '+78432110101', '+78432110101'),
(65, 26, 'phone', '+78435194858', '+78435194858'),
(66, 26, 'phone', '+78435194878', '+78435194878'),
(67, 26, 'phone', '+78435194854', '+78435194854'),
(68, 27, 'phone', '+78432532095', '+78432532095'),
(69, 27, 'phone', '+78435235276', '+78435235276'),
(70, 28, 'phone', '+78432754042', '+78432754042'),
(71, 28, 'phone', '+78432592041', '+78432592041'),
(72, 29, 'phone', '+78435540035', '+78435540035'),
(73, 29, 'phone', '+78435541541', '+78435541541'),
(74, 29, 'phone', '+78435540025', '+78435540025'),
(75, 29, 'phone', '+78435206460', '+78435206460'),
(76, 30, 'phone', '+78435267572', '+78435267572'),
(77, 31, 'phone', '+78435707555', '+78435707555'),
(78, 32, 'phone', '+78432908303', '+78432908303'),
(79, 33, 'phone', '+78435247568', '+78435247568'),
(80, 33, 'phone', '+78435107070', '+78435107070'),
(81, 34, 'phone', '+78435172254', '+78435172254'),
(82, 34, 'phone', '+78435267555', '+78435267555'),
(83, 34, 'phone', '+78435194889', '+78435194889'),
(84, 35, 'phone', '+78432450900', '+78432450900'),
(85, 36, 'phone', '+78432039415', '+78432039415'),
(86, 37, 'phone', '+78435267502', '+78435267502'),
(87, 38, 'phone', '+78432260011', '+78432260011'),
(88, 39, 'phone', '+78432210000', '+78432210000'),
(89, 40, 'phone', '+78432020505', '+78432020505'),
(90, 41, 'phone', '+78432500083', '+78432500083'),
(91, 42, 'phone', '+78432020500', '+78432020500'),
(92, 43, 'phone', '+78435127777', '+78435127777'),
(93, 44, 'phone', '+78435194841', '+78435194841'),
(94, 45, 'phone', '+78435330333', '+78435330333'),
(95, 45, 'phone', '+78432915614', '+78432915614'),
(96, 45, 'phone', '+78432760505', '+78432760505'),
(97, 47, 'phone', '+78432397733', '+78432397733'),
(98, 48, 'phone', '+78432039454', '+78432039454'),
(99, 49, 'phone', '+78432791484', '+78432791484'),
(100, 49, 'phone', '+78435150150', '+78435150150'),
(101, 50, 'phone', '+78432477997', '+78432477997'),
(102, 50, 'phone', '+79656141471', '+79656141471'),
(103, 51, 'phone', '+78432553149', '+78432553149'),
(104, 51, 'phone', '+78432503000', '+78432503000'),
(105, 51, 'phone', '+78432503070', '+78432503070'),
(106, 52, 'phone', '+78435121195', '+78435121195'),
(107, 52, 'phone', '+78435120011', '+78435120011'),
(108, 52, 'phone', '+78432407809', '+78432407809'),
(109, 53, 'phone', '+78435147955', '+78435147955'),
(110, 53, 'phone', '+78435181818', '+78435181818'),
(111, 55, 'phone', '+78435267511', '+78435267511'),
(112, 55, 'phone', '+78435267522', '+78435267522'),
(113, 56, 'phone', '88003336933', '88003336933'),
(114, 56, 'phone', '+78435677565', '+78435677565'),
(115, 59, 'phone', '+78435194855', '+78435194855'),
(116, 59, 'phone', '+78435194866', '+78435194866'),
(117, 60, 'phone', '+78432406255', '+78432406255'),
(118, 60, 'phone', '+79662406255', '+79662406255'),
(119, 60, 'phone', '+78432505001', '+78432505001'),
(120, 60, 'phone', '+78432509150', '+78432509150'),
(121, 61, 'phone', '+78432039544', '+78432039544'),
(122, 62, 'phone', '+78432272706', '+78432272706'),
(123, 62, 'phone', '+78432272700', '+78432272700'),
(124, 62, 'phone', '+79173952308', '+79173952308'),
(125, 63, 'phone', '+78435194871', '+78435194871'),
(126, 63, 'phone', '+78435194872', '+78435194872'),
(127, 64, 'phone', '+78432340606', '+78432340606'),
(128, 64, 'phone', '+79534050432', '+79534050432'),
(129, 65, 'phone', '+78432250551', '+78432250551'),
(130, 65, 'phone', '+79872250551', '+79872250551'),
(131, 66, 'phone', '+79196224889', '+79196224889'),
(132, 66, 'phone', '+78432250034', '+78432250034'),
(133, 66, 'phone', '+79196249895', '+79196249895'),
(134, 67, 'phone', '+78432393565', '+78432393565'),
(135, 68, 'phone', '+78432406244', '+78432406244'),
(136, 68, 'phone', '+78432391818', '+78432391818'),
(137, 68, 'phone', '+78432406255', '+78432406255'),
(138, 68, 'phone', '+78432406144', '+78432406144'),
(139, 68, 'phone', '+79600351045', '+79600351045'),
(140, 69, 'phone', '+79872266610', '+79872266610'),
(141, 69, 'phone', '+78432266610', '+78432266610'),
(142, 70, 'phone', '+79872723003', '+79872723003'),
(143, 70, 'phone', '+78432147616', '+78432147616'),
(144, 71, 'phone', '+78432580878', '+78432580878'),
(145, 71, 'phone', '+79600480878', '+79600480878'),
(146, 72, 'phone', '+78432601837', '+78432601837'),
(147, 72, 'phone', '+78432393343', '+78432393343'),
(148, 73, 'phone', '+78432056022', '+78432056022'),
(149, 73, 'phone', '+79274030055', '+79274030055'),
(150, 73, 'phone', '+79600446600', '+79600446600'),
(151, 74, 'phone', '+78435127777', '+78435127777'),
(152, 75, 'phone', '+78432976532', '+78432976532'),
(153, 75, 'phone', '+78432976535', '+78432976535'),
(154, 75, 'phone', '+78432976536', '+78432976536'),
(155, 76, 'phone', '+79872256111', '+79872256111'),
(156, 77, 'phone', '+78432973672', '+78432973672'),
(157, 77, 'phone', '+79872973672', '+79872973672'),
(158, 78, 'phone', '+78432122322', '+78432122322'),
(159, 78, 'phone', '+78432394279', '+78432394279'),
(160, 78, 'phone', '+78432394275', '+78432394275'),
(161, 78, 'phone', '+78435800150', '+78435800150'),
(162, 79, 'phone', '+78432230612', '+78432230612'),
(163, 80, 'phone', '+78435194835', '+78435194835'),
(164, 81, 'phone', '+78435181743', '+78435181743'),
(165, 82, 'phone', '88003335922', '88003335922'),
(166, 83, 'phone', '+78432789467', '+78432789467'),
(167, 83, 'phone', '+78432163980', '+78432163980'),
(168, 84, 'phone', '+78432534434', '+78432534434'),
(169, 84, 'phone', '+79376154725', '+79376154725'),
(170, 84, 'phone', '+78432664666', '+78432664666'),
(171, 84, 'phone', '+78432491495', '+78432491495'),
(172, 84, 'phone', '+78432454725', '+78432454725'),
(173, 85, 'phone', '+78432597696', '+78432597696'),
(174, 85, 'phone', '+79655965965', '+79655965965'),
(175, 86, 'phone', '+78432788678', '+78432788678'),
(176, 87, 'phone', '+78432454009', '+78432454009'),
(177, 87, 'phone', '+79376154009', '+79376154009'),
(178, 88, 'phone', '+78432585898', '+78432585898'),
(179, 88, 'phone', '+78432032035', '+78432032035'),
(180, 89, 'phone', '+78432586328', '+78432586328'),
(181, 89, 'phone', '+78432592787', '+78432592787'),
(182, 90, 'phone', '+78432512770', '+78432512770'),
(183, 90, 'phone', '+78432512775', '+78432512775'),
(184, 91, 'phone', '+78432971026', '+78432971026'),
(185, 92, 'phone', '+78432971060', '+78432971060'),
(186, 92, 'phone', '+78432450029', '+78432450029'),
(187, 93, 'phone', '+78432122403', '+78432122403'),
(188, 93, 'phone', '+78432110606', '+78432110606'),
(189, 93, 'phone', '+78432482238', '+78432482238'),
(190, 94, 'phone', '+79274424660', '+79274424660'),
(191, 95, 'phone', '+78432163210', '+78432163210'),
(192, 96, 'phone', '+78432595361', '+78432595361'),
(193, 96, 'phone', '+79625597412', '+79625597412'),
(194, 97, 'phone', '+78432536426', '+78432536426'),
(195, 97, 'phone', '+79625632285', '+79625632285'),
(196, 98, 'phone', '+78432112535', '+78432112535'),
(197, 98, 'phone', '+78432112545', '+78432112545'),
(198, 98, 'phone', '+78435267447', '+78435267447'),
(199, 99, 'phone', '+78432888840', '+78432888840'),
(200, 100, 'phone', '+78432674646', '+78432674646'),
(201, 101, 'phone', '+78432394042', '+78432394042'),
(202, 102, 'phone', '+78432592003', '+78432592003'),
(203, 103, 'phone', '+79033883066', '+79033883066'),
(204, 103, 'phone', '+79033149601', '+79033149601'),
(205, 103, 'phone', '+78432581548', '+78432581548'),
(206, 104, 'phone', '+78435172240', '+78435172240'),
(207, 105, 'phone', '+78432147059', '+78432147059'),
(208, 105, 'phone', '+78432533737', '+78432533737'),
(209, 106, 'phone', '+78435127777', '+78435127777'),
(210, 107, 'phone', '+78435700606', '+78435700606'),
(211, 107, 'phone', '+78435800000', '+78435800000'),
(212, 107, 'phone', '+78432266010', '+78432266010'),
(213, 108, 'phone', '+78432035511', '+78432035511'),
(214, 109, 'phone', '+78432402098', '+78432402098'),
(215, 110, 'phone', '+78432024040', '+78432024040'),
(216, 110, 'phone', '+79063209770', '+79063209770'),
(217, 110, 'phone', '+79673658898', '+79673658898'),
(218, 111, 'phone', '+78432608680', '+78432608680'),
(219, 111, 'phone', '+79030612633', '+79030612633'),
(220, 112, 'phone', '+78432250890', '+78432250890'),
(221, 113, 'phone', '+79662408042', '+79662408042'),
(222, 113, 'phone', '+79872968042', '+79872968042'),
(223, 114, 'phone', '+78432582121', '+78432582121'),
(224, 114, 'phone', '+79033138320', '+79033138320'),
(225, 114, 'phone', '+79172810790', '+79172810790'),
(226, 115, 'phone', '+78432032760', '+78432032760'),
(227, 116, 'phone', '+78432039414', '+78432039414'),
(228, 117, 'phone', '+78432055854', '+78432055854'),
(229, 117, 'phone', '+79196900922', '+79196900922'),
(230, 118, 'phone', '+78432788026', '+78432788026'),
(231, 118, 'phone', '+78432788637', '+78432788637'),
(232, 119, 'phone', '+78432141465', '+78432141465'),
(233, 119, 'phone', '+79276729591', '+79276729591'),
(234, 120, 'phone', '+78435127777', '+78435127777'),
(235, 121, 'phone', '+78432392696', '+78432392696'),
(236, 121, 'phone', '+79600482806', '+79600482806'),
(237, 122, 'phone', '+78432262100', '+78432262100'),
(238, 123, 'phone', '+78432976020', '+78432976020'),
(239, 124, 'phone', '+78432904142', '+78432904142'),
(240, 124, 'phone', '+78432394043', '+78432394043'),
(241, 125, 'phone', '+78432266660', '+78432266660'),
(242, 126, 'phone', '+78432494846', '+78432494846'),
(243, 126, 'phone', '+78432451555', '+78432451555'),
(244, 126, 'phone', '+79272494846', '+79272494846'),
(245, 127, 'phone', '+78432674544', '+78432674544'),
(246, 128, 'phone', '+79274141158', '+79274141158'),
(247, 129, 'phone', '+78432020900', '+78432020900'),
(248, 129, 'phone', '+78432020500', '+78432020500'),
(249, 130, 'phone', '+78432609211', '+78432609211'),
(250, 130, 'phone', '+78432503350', '+78432503350'),
(251, 130, 'phone', '+79662609211', '+79662609211'),
(252, 131, 'phone', '+78432020500', '+78432020500'),
(253, 132, 'phone', '+79047144054', '+79047144054'),
(254, 132, 'phone', '+79600410600', '+79600410600'),
(255, 133, 'phone', '+79033431580', '+79033431580'),
(256, 134, 'phone', '+79173942536', '+79173942536'),
(257, 135, 'phone', '+78432409900', '+78432409900'),
(258, 135, 'phone', '+78432503366', '+78432503366'),
(259, 136, 'phone', '+79520413599', '+79520413599'),
(260, 136, 'phone', '+78432477128', '+78432477128'),
(261, 137, 'phone', '+78432495305', '+78432495305'),
(262, 137, 'phone', '+79179337503', '+79179337503'),
(263, 137, 'phone', '+79272495305', '+79272495305'),
(264, 138, 'phone', '+78432024007', '+78432024007'),
(265, 139, 'phone', '+79377777017', '+79377777017'),
(266, 140, 'phone', '+79172460707', '+79172460707'),
(267, 140, 'phone', '+78432392790', '+78432392790'),
(268, 140, 'phone', '+78432495250', '+78432495250'),
(269, 141, 'phone', '+78435330333', '+78435330333'),
(270, 141, 'phone', '+78432915616', '+78432915616'),
(271, 141, 'phone', '+78432915607', '+78432915607'),
(272, 142, 'phone', '+78432141465', '+78432141465'),
(273, 143, 'phone', '+79662400843', '+79662400843'),
(274, 144, 'phone', '+78432408668', '+78432408668'),
(275, 144, 'phone', '+78432382848', '+78432382848'),
(276, 145, 'phone', '+78432957438', '+78432957438'),
(277, 145, 'phone', '+79520465982', '+79520465982'),
(278, 145, 'phone', '+78432721022', '+78432721022'),
(279, 146, 'phone', '+78432164501', '+78432164501'),
(280, 146, 'phone', '+78432407409', '+78432407409'),
(281, 146, 'phone', '+79172788823', '+79172788823'),
(282, 147, 'phone', '+79372817000', '+79372817000'),
(283, 147, 'phone', '+79047120373', '+79047120373'),
(284, 147, 'phone', '+79274194827', '+79274194827'),
(285, 148, 'phone', '+78432451566', '+78432451566'),
(286, 148, 'phone', '+78432494972', '+78432494972'),
(287, 149, 'phone', '+78432252878', '+78432252878'),
(288, 150, 'phone', '+79196251674', '+79196251674'),
(289, 150, 'phone', '+79272401522', '+79272401522'),
(290, 151, 'phone', '+79600515777', '+79600515777'),
(291, 151, 'phone', '+78432503040', '+78432503040'),
(292, 152, 'phone', '+78432122031', '+78432122031'),
(293, 152, 'phone', '+78432122238', '+78432122238'),
(294, 153, 'phone', '+78432409949', '+78432409949'),
(295, 153, 'phone', '+79377738738', '+79377738738'),
(296, 154, 'phone', '+79503257760', '+79503257760'),
(297, 154, 'phone', '+79673615760', '+79673615760'),
(298, 155, 'phone', '+78432533763', '+78432533763'),
(299, 155, 'phone', '+79033053763', '+79033053763'),
(300, 155, 'phone', '+79172694312', '+79172694312'),
(301, 156, 'phone', '+78432495289', '+78432495289'),
(302, 156, 'phone', '+78432401709', '+78432401709'),
(303, 157, 'phone', '+78432581078', '+78432581078'),
(304, 157, 'phone', '+79179203575', '+79179203575'),
(305, 158, 'phone', '+79196227962', '+79196227962'),
(306, 159, 'phone', '+78432787377', '+78432787377'),
(307, 160, 'phone', '+79033055988', '+79033055988'),
(308, 160, 'phone', '+79503169900', '+79503169900'),
(309, 160, 'phone', '+78432487686', '+78432487686'),
(310, 161, 'phone', '+78432291925', '+78432291925'),
(311, 162, 'phone', '+79872328329', '+79872328329'),
(312, 163, 'phone', '+78432268494', '+78432268494'),
(313, 163, 'phone', '+79600489472', '+79600489472'),
(314, 164, 'phone', '+78432404042', '+78432404042'),
(315, 165, 'phone', '+79872977679', '+79872977679'),
(316, 165, 'phone', '+78432659679', '+78432659679'),
(317, 166, 'phone', '+79172649333', '+79172649333'),
(318, 166, 'phone', '+78432210020', '+78432210020'),
(319, 167, 'phone', '+79874200169', '+79874200169'),
(320, 168, 'phone', '+78432612787', '+78432612787'),
(321, 168, 'phone', '+78432629779', '+78432629779'),
(322, 169, 'phone', '+78435138247', '+78435138247'),
(323, 170, 'phone', '+78432595438', '+78432595438'),
(324, 170, 'phone', '+79872717936', '+79872717936'),
(325, 171, 'phone', '+79274293414', '+79274293414'),
(326, 172, 'phone', '+79274159791', '+79274159791'),
(327, 172, 'phone', '+78432122286', '+78432122286'),
(328, 173, 'phone', '+78432595952', '+78432595952'),
(329, 173, 'phone', '+79172281182', '+79172281182'),
(330, 173, 'phone', '+79046737066', '+79046737066'),
(331, 174, 'phone', '+78435118811', '+78435118811'),
(332, 174, 'phone', '+78432531040', '+78432531040'),
(333, 175, 'phone', '+78432512703', '+78432512703'),
(334, 176, 'phone', '+78432587586', '+78432587586'),
(335, 176, 'phone', '+79600487586', '+79600487586'),
(336, 177, 'phone', '+78432920600', '+78432920600'),
(337, 177, 'phone', '+79872391335', '+79872391335'),
(338, 178, 'phone', '+79270392957', '+79270392957'),
(339, 179, 'phone', '+78432968122', '+78432968122'),
(340, 180, 'phone', '+79033055988', '+79033055988'),
(341, 180, 'phone', '+79503169900', '+79503169900'),
(342, 180, 'phone', '+78432487686', '+78432487686'),
(343, 181, 'phone', '+78432535346', '+78432535346'),
(344, 182, 'phone', '+78437157850', '+78437157850'),
(345, 182, 'phone', '+78437157316', '+78437157316'),
(346, 183, 'phone', '+78435127483', '+78435127483'),
(347, 184, 'phone', '+78432535102', '+78432535102'),
(348, 184, 'phone', '+79050256888', '+79050256888'),
(349, 185, 'phone', '+78432653939', '+78432653939'),
(350, 185, 'phone', '+79655805800', '+79655805800'),
(351, 186, 'phone', '+78432390755', '+78432390755'),
(352, 186, 'phone', '+79053144217', '+79053144217'),
(353, 186, 'phone', '+78432393201', '+78432393201'),
(354, 187, 'phone', '+79172721090', '+79172721090'),
(355, 187, 'phone', '+79196205000', '+79196205000'),
(356, 188, 'phone', '+79053109135', '+79053109135'),
(357, 188, 'phone', '+78432600157', '+78432600157'),
(358, 189, 'phone', '+79172554022', '+79172554022'),
(359, 189, 'phone', '+78432480762', '+78432480762'),
(360, 190, 'phone', '+78432602015', '+78432602015'),
(361, 190, 'phone', '+78432602048', '+78432602048'),
(362, 191, 'phone', '+79033053419', '+79033053419'),
(363, 192, 'phone', '+79600312751', '+79600312751'),
(364, 193, 'phone', '+78432901570', '+78432901570'),
(365, 193, 'phone', '+79872961844', '+79872961844'),
(366, 193, 'phone', '+79518951171', '+79518951171'),
(367, 193, 'phone', '+79600391725', '+79600391725'),
(368, 194, 'phone', '+79050222899', '+79050222899'),
(369, 195, 'phone', '+78432595952', '+78432595952'),
(370, 195, 'phone', '+79046616082', '+79046616082'),
(371, 196, 'phone', '+78432598811', '+78432598811'),
(372, 196, 'phone', '+79172781445', '+79172781445'),
(373, 197, 'phone', '+78432164466', '+78432164466'),
(374, 198, 'phone', '+78432481133', '+78432481133'),
(375, 198, 'phone', '+79520481133', '+79520481133'),
(376, 199, 'phone', '+79178831433', '+79178831433'),
(377, 199, 'phone', '+78432380283', '+78432380283'),
(378, 200, 'phone', '+78432601333', '+78432601333'),
(379, 201, 'phone', '+79376154746', '+79376154746'),
(380, 202, 'phone', '+78432491888', '+78432491888'),
(381, 202, 'phone', '+78432491777', '+78432491777'),
(382, 203, 'phone', '+79033882926', '+79033882926'),
(383, 203, 'phone', '+79173956050', '+79173956050'),
(384, 203, 'phone', '+78432405902', '+78432405902'),
(385, 204, 'phone', '+79600564994', '+79600564994'),
(386, 204, 'phone', '+79053751130', '+79053751130'),
(387, 205, 'phone', '+79172746614', '+79172746614'),
(388, 206, 'phone', '+78432390755', '+78432390755'),
(389, 206, 'phone', '+78432450755', '+78432450755'),
(390, 207, 'phone', '+78432454309', '+78432454309'),
(391, 208, 'phone', '+78432905737', '+78432905737'),
(392, 209, 'phone', '+78432454804', '+78432454804'),
(393, 209, 'phone', '+79600442568', '+79600442568'),
(394, 210, 'phone', '+78432960615', '+78432960615'),
(395, 210, 'phone', '+79872960613', '+79872960613'),
(396, 210, 'phone', '+79872960614', '+79872960614'),
(397, 210, 'phone', '+79872960615', '+79872960615'),
(398, 211, 'phone', '+78432450651', '+78432450651'),
(399, 211, 'phone', '+79272421249', '+79272421249'),
(400, 212, 'phone', '+79377747976', '+79377747976'),
(401, 212, 'phone', '+79377747977', '+79377747977'),
(402, 214, 'phone', '+79625519099', '+79625519099'),
(403, 215, 'phone', '+79872282282', '+79872282282'),
(404, 215, 'phone', '+78432000611', '+78432000611'),
(405, 216, 'phone', '+79172793440', '+79172793440'),
(406, 216, 'phone', '+79872901528', '+79872901528'),
(407, 217, 'phone', '+78432485578', '+78432485578'),
(408, 219, 'phone', '+79050204745', '+79050204745'),
(409, 220, 'phone', '+78432405901', '+78432405901'),
(410, 221, 'phone', '+79196407500', '+79196407500'),
(411, 222, 'phone', '+78432537237', '+78432537237'),
(412, 222, 'phone', '+78432533643', '+78432533643'),
(413, 223, 'phone', '+79274888775', '+79274888775'),
(414, 223, 'phone', '+78432505150', '+78432505150'),
(415, 224, 'phone', '+79872960747', '+79872960747'),
(416, 224, 'phone', '+79872946787', '+79872946787'),
(417, 225, 'phone', '+78432039434', '+78432039434'),
(418, 226, 'phone', '+79055204010', '+79055204010'),
(419, 226, 'phone', '+78432265969', '+78432265969'),
(420, 227, 'phone', '+78435331333', '+78435331333'),
(421, 228, 'phone', '+79600483364', '+79600483364'),
(422, 228, 'phone', '+79179118558', '+79179118558'),
(423, 229, 'phone', '+79053114454', '+79053114454'),
(424, 229, 'phone', '+79600339487', '+79600339487'),
(425, 229, 'phone', '+79370034824', '+79370034824'),
(426, 230, 'phone', '+79053126679', '+79053126679'),
(427, 230, 'phone', '+78432607200', '+78432607200'),
(428, 230, 'phone', '+78432601261', '+78432601261'),
(429, 230, 'phone', '+79047604767', '+79047604767'),
(430, 231, 'phone', '+79063264907', '+79063264907'),
(431, 231, 'phone', '+79600471001', '+79600471001'),
(432, 232, 'phone', '+79173925070', '+79173925070'),
(433, 233, 'phone', '+78432960615', '+78432960615'),
(434, 233, 'phone', '+79872960613', '+79872960613'),
(435, 233, 'phone', '+79872960614', '+79872960614'),
(436, 233, 'phone', '+79872960615', '+79872960615'),
(437, 234, 'phone', '+78437170460', '+78437170460'),
(438, 234, 'phone', '+79520426709', '+79520426709'),
(439, 235, 'phone', '+78432450651', '+78432450651'),
(440, 235, 'phone', '+79272421249', '+79272421249'),
(441, 236, 'phone', '+79003220779', '+79003220779'),
(442, 237, 'phone', '+79063286070', '+79063286070'),
(443, 238, 'phone', '+79276721516', '+79276721516'),
(444, 239, 'phone', '+79274250501', '+79274250501'),
(445, 240, 'phone', '+79625592737', '+79625592737'),
(446, 241, 'phone', '+78432503603', '+78432503603'),
(447, 242, 'phone', '+78432672944', '+78432672944'),
(448, 243, 'phone', '+79520400481', '+79520400481'),
(449, 244, 'phone', '+79274332546', '+79274332546'),
(450, 244, 'phone', '+79172970485', '+79172970485'),
(451, 245, 'phone', '+79053100089', '+79053100089'),
(452, 246, 'phone', '+79033055988', '+79033055988'),
(453, 246, 'phone', '+79503169900', '+79503169900'),
(454, 246, 'phone', '+78432487686', '+78432487686'),
(455, 247, 'phone', '+79518926413', '+79518926413'),
(456, 247, 'phone', '+79053134042', '+79053134042'),
(457, 248, 'phone', '+78432392731', '+78432392731'),
(458, 248, 'phone', '+79872267778', '+79872267778'),
(459, 249, 'phone', '+79274508026', '+79274508026'),
(460, 250, 'phone', '+78432394436', '+78432394436'),
(461, 250, 'phone', '+79270394436', '+79270394436'),
(462, 251, 'phone', '+79872662631', '+79872662631'),
(463, 252, 'phone', '+79053166000', '+79053166000'),
(464, 253, 'phone', '+78432590438', '+78432590438'),
(465, 253, 'phone', '+79178931558', '+79178931558'),
(466, 254, 'phone', '+78432965055', '+78432965055'),
(467, 255, 'phone', '+78432785033', '+78432785033'),
(468, 255, 'phone', '+79600370888', '+79600370888'),
(469, 256, 'phone', '+78432595837', '+78432595837'),
(470, 257, 'phone', '+79172933532', '+79172933532'),
(471, 258, 'phone', '+79172681876', '+79172681876'),
(472, 259, 'phone', '+79046656350', '+79046656350'),
(473, 260, 'phone', '+78432601502', '+78432601502'),
(474, 261, 'phone', '+79172729289', '+79172729289'),
(475, 261, 'phone', '+79179212939', '+79179212939'),
(476, 262, 'phone', '+78432253111', '+78432253111'),
(477, 263, 'phone', '+78432536998', '+78432536998'),
(478, 264, 'phone', '+79172428914', '+79172428914'),
(479, 265, 'phone', '+79655882722', '+79655882722'),
(480, 266, 'phone', '+79179146257', '+79179146257'),
(481, 267, 'phone', '+79370093483', '+79370093483'),
(482, 268, 'phone', '+79272425963', '+79272425963'),
(483, 268, 'phone', '+79274885963', '+79274885963'),
(484, 269, 'phone', '+79179346046', '+79179346046'),
(485, 269, 'phone', '+78432537985', '+78432537985'),
(486, 270, 'phone', '+79872231232', '+79872231232'),
(487, 271, 'phone', '+79172225559', '+79172225559'),
(488, 272, 'phone', '+78432451377', '+78432451377'),
(489, 272, 'phone', '+79047656387', '+79047656387'),
(490, 272, 'phone', '+79534042014', '+79534042014'),
(491, 273, 'phone', '+79655801324', '+79655801324'),
(492, 274, 'phone', '+79179219540', '+79179219540'),
(493, 275, 'phone', '+79872778799', '+79872778799'),
(494, 276, 'phone', '+79869078470', '+79869078470'),
(495, 277, 'phone', '+79509456512', '+79509456512'),
(496, 278, 'phone', '+78432963588', '+78432963588'),
(497, 278, 'phone', '+79050239379', '+79050239379'),
(498, 279, 'phone', '+79055204010', '+79055204010'),
(499, 279, 'phone', '+79625564577', '+79625564577'),
(500, 280, 'phone', '+79600512291', '+79600512291'),
(501, 281, 'phone', '+78432598188', '+78432598188'),
(502, 282, 'phone', '+79178808040', '+79178808040'),
(503, 283, 'phone', '+79872072277', '+79872072277'),
(504, 284, 'phone', '+79625506806', '+79625506806'),
(505, 284, 'phone', '+79033131540', '+79033131540'),
(506, 285, 'phone', '+79047144499', '+79047144499'),
(507, 286, 'phone', '+78432965597', '+78432965597'),
(508, 287, 'phone', '+78435197951', '+78435197951'),
(509, 287, 'phone', '+79375255885', '+79375255885'),
(510, 288, 'phone', '+78432731306', '+78432731306'),
(511, 289, 'phone', '+78432230392', '+78432230392'),
(512, 290, 'phone', '+79050230830', '+79050230830'),
(513, 291, 'phone', '+79274367428', '+79274367428'),
(514, 291, 'phone', '+78432909558', '+78432909558'),
(515, 291, 'phone', '+78432473939', '+78432473939'),
(516, 292, 'phone', '+79053165653', '+79053165653'),
(517, 293, 'phone', '+79173992094', '+79173992094'),
(518, 294, 'phone', '+79620408877', '+79620408877'),
(519, 295, 'phone', '+79172488659', '+79172488659'),
(520, 296, 'phone', '+79376185865', '+79376185865'),
(521, 297, 'phone', '+78437172825', '+78437172825'),
(522, 298, 'phone', '+79274129949', '+79274129949'),
(523, 300, 'phone', '+79655967770', '+79655967770'),
(524, 301, 'phone', '+78432909889', '+78432909889'),
(525, 301, 'phone', '+78432122790', '+78432122790'),
(526, 302, 'phone', '+79093674657', '+79093674657'),
(527, 303, 'phone', '+79177029396', '+79177029396'),
(528, 303, 'phone', '+78363163875', '+78363163875'),
(529, 304, 'phone', '+79613363176', '+79613363176'),
(530, 304, 'phone', '+79613367700', '+79613367700'),
(531, 305, 'phone', '+78432039424', '+78432039424'),
(532, 306, 'phone', '+78432902595', '+78432902595'),
(533, 307, 'phone', '+79600431024', '+79600431024'),
(534, 308, 'phone', '+78432000982', '+78432000982'),
(535, 309, 'phone', '+79872897164', '+79872897164'),
(536, 310, 'phone', '+78432678678', '+78432678678'),
(537, 310, 'phone', '+78435000005', '+78435000005'),
(538, 311, 'phone', '+78435900466', '+78435900466'),
(539, 312, 'phone', '+79030627622', '+79030627622'),
(540, 313, 'phone', '+78432595973', '+78432595973'),
(541, 314, 'phone', '+79872251120', '+79872251120'),
(542, 314, 'phone', '+78432251120', '+78432251120'),
(543, 315, 'phone', '+79172912294', '+79172912294'),
(544, 315, 'phone', '+79033440891', '+79033440891'),
(545, 315, 'phone', '+79375250844', '+79375250844'),
(546, 316, 'phone', '+79274166292', '+79274166292'),
(547, 316, 'phone', '+79656057847', '+79656057847'),
(548, 316, 'phone', '+79178896923', '+79178896923'),
(549, 317, 'phone', '+79625486471', '+79625486471'),
(550, 318, 'phone', '+78432911730', '+78432911730'),
(551, 319, 'phone', '+78432291342', '+78432291342'),
(552, 320, 'phone', '+79053151001', '+79053151001'),
(553, 320, 'phone', '+79874110013', '+79874110013'),
(554, 324, 'phone', '+78432960422', '+78432960422'),
(555, 325, 'phone', '+78435192981', '+78435192981'),
(556, 326, 'phone', '+78432789136', '+78432789136'),
(557, 326, 'phone', '+78432789155', '+78432789155'),
(558, 327, 'phone', '+78432732311', '+78432732311'),
(559, 328, 'phone', '+78435564684', '+78435564684'),
(560, 329, 'phone', '+78432000992', '+78432000992'),
(561, 330, 'phone', '+78435710785', '+78435710785'),
(562, 333, 'phone', '+79053164016', '+79053164016'),
(563, 335, 'phone', '+78432295592', '+78432295592'),
(564, 336, 'phone', '+79376154716', '+79376154716'),
(565, 337, 'phone', '+78432535528', '+78432535528'),
(566, 337, 'phone', '+79033055528', '+79033055528'),
(567, 338, 'phone', '+78432625689', '+78432625689'),
(568, 339, 'phone', '+79655962095', '+79655962095'),
(569, 342, 'phone', '+78435611379', '+78435611379'),
(570, 354, 'phone', '+78437151404', '+78437151404'),
(571, 354, 'phone', '+79655868366', '+79655868366'),
(572, 358, 'phone', '+79656092093', '+79656092093'),
(573, 394, 'phone', '+78435900373', '+78435900373'),
(574, 487, 'phone', '+79600912939', '+79600912939'),
(575, 487, 'phone', '+79613330229', '+79613330229');

-- --------------------------------------------------------

--
-- Структура таблицы `zf_gparser_firm`
--

CREATE TABLE IF NOT EXISTS `zf_gparser_firm` (
  `id_gparser_firm` int(11) NOT NULL,
  `firm_alias` varchar(255) NOT NULL,
  `firm_name` varchar(255) NOT NULL,
  `firm_city` varchar(255) NOT NULL,
  `firm_insert_date` datetime NOT NULL,
  `firm_external_id` bigint(11) NOT NULL
) ENGINE=InnoDB AUTO_INCREMENT=534 DEFAULT CHARSET=utf8;

--
-- Дамп данных таблицы `zf_gparser_firm`
--

INSERT INTO `zf_gparser_firm` (`id_gparser_firm`, `firm_alias`, `firm_name`, `firm_city`, `firm_insert_date`, `firm_external_id`) VALUES
(1, 'detal_avto_ooo_magazin_avtozapchastejj', 'Деталь-Авто, ООО, магазин автозапчастей', 'Казань', '2016-06-16 17:33:25', 70000001023175448),
(2, 'ramin_avto_set_avtotekhcentrov_po_remontu_i_prodazhe_zapchastejj_dlya_peugeot_citroen', 'РаМин Avto, сеть автотехцентров по ремонту и продаже запчастей для Peugeot, Citroen', 'Казань', '2016-06-16 17:33:25', 2956015536705439),
(3, 'kvattro_avtotekhcentr_audi_volkswagen_skoda', 'КВАТТРО, автотехцентр Audi, Volkswagen, Skoda', 'Казань', '2016-06-16 17:33:25', 2956016536554275),
(4, 'bmv_avtotekhcentr', 'БМВ, автотехцентр', 'Казань', '2016-06-16 17:33:25', 2956015536728940),
(5, 'avto_khaus_avtoservis', 'Авто Хаус, автосервис', 'Казань', '2016-06-16 17:33:25', 2956016536936728),
(6, 'garage116_avtoservis', 'Garage116, автосервис', 'Казань', '2016-06-16 17:33:25', 2956015537029788),
(7, 'vash_avtomobil_centr_kuzovnogo_remonta', 'Ваш автомобиль, центр кузовного ремонта', 'Казань', '2016-06-16 17:33:25', 2956015536464337),
(8, 'voskhod_avtostudiya', 'Восход, автостудия', 'Казань', '2016-06-16 17:33:25', 70000001021716040),
(9, 'kazan_m7_centr_avtorazbora_i_remonta_ram', 'Казань М7, центр авторазбора и ремонта рам', 'Казань', '2016-06-16 17:33:25', 2956016536510155),
(10, 'absolyut_super_avtotekhcentr', 'Абсолют Супер, автотехцентр', 'Казань', '2016-06-16 17:33:25', 2956015536509981),
(11, 'avtopolis_ooo_set_avtoservisov_po_remontu_i_obsluzhivaniyu_audi_opel_chevrolet', 'Автополис, ООО, сеть автосервисов по ремонту и обслуживанию Audi, Opel, Chevrolet', 'Казань', '2016-06-16 17:33:25', 70000001017343494),
(12, 'avtolajjf_avtotekhcentr_po_remontu_prokatu_i_prodazhe_avtomobilejj', 'Автолайф, автотехцентр по ремонту, прокату и продаже автомобилей', 'Казань', '2016-06-16 17:33:25', 70000001018104232),
(13, 'marsavto_tekhcentr_po_remontu_i_prodazhe_zapchastejj_suzuki_hyundai_nissan', 'МарсАвто, техцентр по ремонту и продаже запчастей Suzuki, Hyundai, Nissan', 'Казань', '2016-06-16 17:33:25', 2956015536998644),
(14, 'avtopilot_avtotekhcentr_po_remontu_fiat_logan_ford', 'АВТОПИЛОТ, автотехцентр по ремонту FIAT, LOGAN, FORD', 'Казань', '2016-06-16 17:33:25', 2956015536462857),
(15, 'avtomasterskie_fokus_set_avtotekhcentrov', 'Автомастерские Фокус, сеть автотехцентров', 'Казань', '2016-06-16 17:33:25', 2956015536499146),
(16, 'avto_boks_tekhcentr', 'Авто Бокс, техцентр', 'Казань', '2016-06-16 17:33:25', 2956015537375194),
(17, 'stalker_royal_motors_avtotekhcentr', 'СТАЛКЕР РОЯЛ МОТОРС, автотехцентр', 'Казань', '2016-06-16 17:33:25', 2956016536927921),
(18, 'live_truck_ip_ivasev_i_a', 'Live Truck', 'Киндери', '2016-06-16 17:33:25', 70000001018572807),
(19, 'bosh_servis_alfa_avtocentr', 'БОШ СЕРВИС-АЛЬФА, автоцентр', 'Казань', '2016-06-16 17:33:25', 70000001021826264),
(20, 'avtodrug_avtoservis', 'АвтоДруг+, автосервис', 'Казань', '2016-06-16 17:33:25', 2956015536698984),
(21, 'shumakheravto_tekhcentr_po_obsluzhivaniyu_i_remontu_inomarok_prodazhe_avtozapchastejj_mercedes_toyota_hyundai', 'ШумахерАвто, техцентр по обслуживанию и ремонту иномарок, продаже автозапчастей Mercedes, Toyota, Hyundai', 'Казань', '2016-06-16 17:33:26', 2956015536710295),
(22, 'avtoprofi116_ooo_avtoservis', 'АвтоПрофи116, ООО, автосервис', 'Казань', '2016-06-16 17:33:26', 70000001021915971),
(23, 'ramin_avto_set_avtotekhcentrov_po_remontu_i_prodazhe_zapchastejj_dlya_peugeot_citroen', 'РаМин Avto, сеть автотехцентров по ремонту и продаже запчастей для Peugeot, Citroen', 'Казань', '2016-06-16 17:33:26', 2956016536705208),
(24, 'avtoliga_set_tekhnicheskikh_centrov_oficialnyjj_predstavitel_bosch', 'Автолига, сеть технических центров', 'Казань', '2016-06-16 17:33:26', 2956015536687718),
(25, 'bars_avto_avtosalon_volvo_chevrolet_uaz', 'Барс Авто, автосалон Volvo, Chevrolet, УАЗ', 'Казань', '2016-06-16 17:33:26', 2956015536464315),
(26, 'ford_avtocentr', 'Ford, автоцентр', 'Казань', '2016-06-16 17:33:26', 2956015536551360),
(27, 'pod_mostom_tekhcentr', 'Под мостом, техцентр', 'Казань', '2016-06-16 17:33:26', 2956015536680522),
(28, 'mayak_avtotekhcentr', 'Маяк, автотехцентр', 'Казань', '2016-06-16 17:33:26', 2956015536469047),
(29, 'parus_ooo_avtocentr', 'Парус, ООО, автоцентр', 'Казань', '2016-06-16 17:33:26', 2956015536464420),
(30, 'tts_avtocentr_oficialnyjj_diler_volkswagen', 'ТТС, автоцентр', 'Казань', '2016-06-16 17:33:26', 2956015536551346),
(31, 'delfo_avto_ooo_oficialnyjj_diler', 'Делфо-авто, ООО, официальный дилер', 'Казань', '2016-06-16 17:33:26', 2956015536464350),
(32, 'absolyut_super_avtotekhcentr', 'Абсолют Супер, автотехцентр', 'Казань', '2016-06-16 17:33:26', 70000001022989933),
(33, 'akos_avtocentr', 'Акос, автоцентр', 'Казань', '2016-06-16 17:33:26', 2956015537005872),
(34, 'tts_kia_avtocentr', 'ТТС Kia, автоцентр', 'Казань', '2016-06-16 17:33:26', 2956015536906564),
(35, 'avtolajjf_avtotekhcentr_po_remontu_prokatu_i_prodazhe_avtomobilejj', 'Автолайф, автотехцентр по ремонту, прокату и продаже автомобилей', 'Казань', '2016-06-16 17:33:26', 70000001018107802),
(36, 'bosh_servis_blyuzmobil_set_avtocentrov_po_remontu_inomarok_i_otechestvennykh_avtomobilejj', 'БОШ Сервис Блюзмобиль, сеть автоцентров по ремонту иномарок и отечественных автомобилей', 'Казань', '2016-06-16 17:33:26', 2956016537098421),
(37, 'tts_skoda_avtocentr', 'ТТС Skoda, автоцентр', 'Казань', '2016-06-16 17:33:26', 2956015537123203),
(38, 'avtomasterskie_fokus_set_avtotekhcentrov', 'Автомастерские Фокус, сеть автотехцентров', 'Казань', '2016-06-16 17:33:26', 70000001006554642),
(39, 'alarm_motors_ford_avtocentr', 'Аларм-Моторс Форд, автоцентр', 'Казань', '2016-06-16 17:33:26', 2956016536668330),
(40, 'avtoklub_avtoservis', 'АвтоКлуб, автосервис', 'Казань', '2016-06-16 17:33:27', 2956016536633203),
(41, 'avto_boks_tekhcentr', 'Авто Бокс, техцентр', 'Казань', '2016-06-16 17:33:27', 2956015536660866),
(42, 'iron_motors_avtotekhcentr_mazda', 'Iron Motors, автотехцентр Mazda', 'Казань', '2016-06-16 17:33:27', 2956016536533794),
(43, 'progress_avtotekhcentr', 'Прогресс, автотехцентр', 'Казань', '2016-06-16 17:33:27', 2956015537220776),
(44, 'tts_lexus_avtocentr', 'ТТС Lexus, автоцентр', 'Казань', '2016-06-16 17:33:27', 2956015536747004),
(45, 'na_kosmonavtov_avtocentr_dlya_honda', 'На Космонавтов, автоцентр для Honda', 'Казань', '2016-06-16 17:33:27', 2956015536550471),
(46, 'tts_porsche_avtocentr', 'ТТС Porsche, автоцентр', 'Казань', '2016-06-16 17:33:27', 2956015536551337),
(47, 'kan_avto_centr_kuzovnogo_remonta', 'КАН-АВТО, центр кузовного ремонта', 'Казань', '2016-06-16 17:33:27', 2956015537192696),
(48, 'avtoliga_set_tekhnicheskikh_centrov_oficialnyjj_predstavitel_bosch', 'Автолига, сеть технических центров', 'Казань', '2016-06-16 17:33:27', 2956015536500240),
(49, 'trial_avto_avtocentr', 'Триал-Авто, автоцентр', 'Казань', '2016-06-16 17:33:27', 2956015536460150),
(50, 'vianor_tekhcentr_po_remontu_subaru_nissan_kia', 'Vianor, техцентр по ремонту Subaru, Nissan, KIA', 'Казань', '2016-06-16 17:33:27', 70000001006963921),
(51, 'azimut_avtotekhcentr', 'Азимут, автотехцентр', 'Казань', '2016-06-16 17:33:27', 2956015536467831),
(52, 'bosh_servis_levchenko_tekhcentr', 'Бош Сервис Левченко, техцентр', 'Казань', '2016-06-16 17:33:27', 2956015536564185),
(53, 'suzuki_avtocentr', 'Suzuki, автоцентр', 'Казань', '2016-06-16 17:33:27', 2956015537325730),
(54, 'master_kars_ooo_avtotekhcentr_mercedes_audi_toyota', 'Мастер карс, ООО, автотехцентр Mercedes, Audi, Toyota', 'Казань', '2016-06-16 17:33:28', 2956015536700067),
(55, 'tts_avtocentr_oficialnyjj_diler_volkswagen', 'ТТС, автоцентр', 'Казань', '2016-06-16 17:33:28', 2956015537145505),
(56, 'alfaskan_servisnyjj_centr_oficialnyjj_diler_scania', 'АЛЬФАСКАН, сервисный центр', 'Казань', '2016-06-16 17:33:28', 2956015537121625),
(57, 'sitroen_centr_kazan_avtoservis', 'Ситроен Центр Казань, автосервис', 'Казань', '2016-06-16 17:33:28', 2956015536578224),
(58, 'tts_toyota_avtocentr', 'ТТС Toyota, автоцентр', 'Казань', '2016-06-16 17:33:28', 2956015536551343),
(59, 'tts_kia_avtocentr', 'ТТС Kia, автоцентр', 'Казань', '2016-06-16 17:33:28', 2956015536551318),
(60, 'gambit_avtoservis', 'Гамбит, автосервис', 'Казань', '2016-06-16 17:33:28', 2956015536697481),
(61, 'bosh_servis_blyuzmobil_set_avtocentrov_po_remontu_inomarok_i_otechestvennykh_avtomobilejj', 'БОШ Сервис Блюзмобиль, сеть автоцентров по ремонту иномарок и отечественных автомобилей', 'Казань', '2016-06-16 17:33:28', 2956015536464911),
(62, 'sehr_avto_ooo_avtoservis_gruzovykh_avtomobilejj_volvo_renault', 'СЭР-Авто, ООО, автосервис грузовых автомобилей Volvo, Renault', 'Казань', '2016-06-16 17:33:28', 2956015536990350),
(63, 'tts_skoda_avtocentr', 'ТТС Skoda, автоцентр', 'Казань', '2016-06-16 17:33:28', 2956016536961599),
(64, 'nagornyjj_ooo_avtotekhcentr', 'Нагорный, ООО, автотехцентр', 'Казань', '2016-06-16 17:33:28', 70000001020050901),
(65, 'arg_servis_avtoservis', 'АРГ Сервис, автосервис', 'Казань', '2016-06-16 17:33:29', 2956015536709738),
(66, '116_avtomasterskaya_ip_gilemzyanov_a_m', '116, автомастерская', 'Казань', '2016-06-16 17:33:29', 2956015537289064),
(67, 'avtopanorama_avtoservis', 'АвтоПанорама, автосервис', 'Казань', '2016-06-16 17:33:29', 70000001018742550),
(68, 'avtokar_kompaniya', 'Автокар, компания', 'Казань', '2016-06-16 17:33:29', 70000001007010234),
(69, 'premium_detejjling_centr', 'PREMIUM, детейлинг-центр', 'Казань', '2016-06-16 17:33:29', 2956015537190957),
(70, 'avtoservis_ip_ibneev_f_ya', 'Автосервис, ИП Ибнеев Ф.Я.', 'Казань', '2016-06-16 17:33:29', 2956015536798526),
(71, 'gospital_avto_avtoservis', 'Госпиталь Авто, автосервис', 'Казань', '2016-06-16 17:33:29', 2956016536633195),
(72, 'tatspecmash_ooo_gruppa_kompanijj', 'ТатСпецМаш, ООО, группа компаний', 'Высокая Гора', '2016-06-16 17:33:29', 2956015536526527),
(73, 'kar_servis_koreya_kompaniya_po_prodazhe_avtozapchastejj_i_remontu_korejjskikh_avtomobilejj', 'КАР сервис корея, компания по продаже автозапчастей и ремонту корейских автомобилей', 'Казань', '2016-06-16 17:33:29', 70000001006650957),
(74, 'seat_avtotekhcentr', 'SEAT, автотехцентр', 'Казань', '2016-06-16 17:33:29', 2956015537337878),
(75, 'avtotrejjd_avtotekhservis', 'АвтоТрейд, автотехсервис', 'Казань', '2016-06-16 17:33:29', 2956015536496160),
(76, 'restyling_group_avtocentr', 'Restyling Group, автоцентр', 'Казань', '2016-06-16 17:33:29', 70000001020127330),
(77, 'planeta_zhelezyaka_avtotekhcentr', 'Планета Железяка, автотехцентр', 'Казань', '2016-06-16 17:33:29', 2956015536836126),
(78, 'depo_set_tekhnicheskikh_centrov', 'ДЕПО, сеть технических центров', 'Казань', '2016-06-16 17:33:29', 70000001018189069),
(79, 'depo_avtomoechnyjj_kompleks', 'Depo, автомоечный комплекс', 'Казань', '2016-06-16 17:33:29', 2956015536547152),
(80, 'tts_mazda_avtocentr', 'ТТС Mazda, автоцентр', 'Казань', '2016-06-16 17:33:29', 2956015536551331),
(81, 'tts_toyota_avtocentr', 'ТТС Toyota, автоцентр', 'Казань', '2016-06-16 17:33:30', 2956015536612075),
(82, 'alref_servis_servisnyjj_centr', 'АЛРЕФ-СЕРВИС, сервисный центр', 'Казань', '2016-06-16 17:33:30', 70000001019546358),
(83, 'avto_mig_tekhnicheskijj_centr', 'Авто-Миг, технический центр', 'Казань', '2016-06-16 17:33:30', 2956015536446779),
(84, 'car_town_avtoservis', 'Car Town, автосервис', 'Казань', '2016-06-16 17:33:30', 2956015537345927),
(85, 'avtocentr_peugeot_i_citroen_ip_knyazev_o_a', 'Автоцентр Peugeot и Citroen, ИП Князев О.А.', 'Казань', '2016-06-16 17:33:30', 2956016536488425),
(86, 'tekhnoservis', 'Техносервис', 'Казань', '2016-06-16 17:33:30', 2956015536462055),
(87, 'atriumavto_kompaniya_po_tonirovaniyu_i_bronirovaniyu_avtomobilejj', 'АтриумАвто, компания по тонированию и бронированию автомобилей', 'Казань', '2016-06-16 17:33:30', 2956016536748923),
(88, 'avtostil_avtostudiya', 'АвтоСтиль+, автостудия', 'Казань', '2016-06-16 17:33:30', 2956016537023787),
(89, 'art_servis_avtoservis', 'АРТ-Сервис, автосервис', 'Казань', '2016-06-16 17:33:30', 70000001007215557),
(90, 'gagarin_avto_avtokhimchistka', 'ГАГАРИН авто, автохимчистка', 'Казань', '2016-06-16 17:33:30', 70000001019654749),
(91, 'avtoservis_ip_gavrilov_i_a', 'Автосервис, ИП Гаврилов И.А.', 'Казань', '2016-06-16 17:33:30', 70000001021820679),
(92, 'istok_avtoservis', 'Исток, автосервис', 'Казань', '2016-06-16 17:33:30', 70000001017470227),
(93, 'ramin_avto_set_avtotekhcentrov_po_remontu_i_prodazhe_zapchastejj_dlya_peugeot_citroen', 'РаМин Avto, сеть автотехцентров по ремонту и продаже запчастей для Peugeot, Citroen', 'Казань', '2016-06-16 17:33:30', 2956015537063168),
(94, 'aerodrawm_avtoservis', 'AeroDrawM, автосервис', 'Казань', '2016-06-16 17:33:30', 2956016536721872),
(95, 'byuro_avtoremonta', 'Бюро авторемонта', 'Казань', '2016-06-16 17:33:30', 70000001007472174),
(96, 'garage_sto', 'GARAGE, СТО', 'Казань', '2016-06-16 17:33:30', 70000001018275752),
(97, 'pitlane_avtomasterskaya', 'PITLANE, автомастерская', 'Казань', '2016-06-16 17:33:30', 70000001022794533),
(98, 'triumf_avto_sto', 'Триумф-Авто+, СТО', 'Казань', '2016-06-16 17:33:30', 2956015537375496),
(99, 'dialog_avto_avtocentr', 'Диалог-Авто, автоцентр', 'Казань', '2016-06-16 17:33:30', 70000001017933632),
(100, 'kazanskijj_set_avtotekhcentrov', 'Казанский, сеть автотехцентров', 'Казань', '2016-06-16 17:33:30', 2956016536938151),
(101, 'rajjkhanavto_avtoatele', 'РайханАвто, автоателье', 'Казань', '2016-06-16 17:33:31', 2956015536806771),
(102, 'nordavto_avtotekhcentr', 'NordАвто, автотехцентр', 'Казань', '2016-06-16 17:33:31', 2956015536699896),
(103, 'avtoremzavod_sto', 'Авторемзавод, СТО', 'Казань', '2016-06-16 17:33:31', 2956015536462678),
(104, 'transtekhservis_ooo_kompaniya_oficialnyjj_diler', 'ТрансТехСервис, ООО, компания', 'Казань', '2016-06-16 17:33:31', 70000001019569038),
(105, 'avto_proffi_style_avtoservis', 'Авто Proffi Style, автосервис', 'Казань', '2016-06-16 17:33:31', 2956015536743183),
(106, 'cheri_centr_sovetskijj_avtotekhcentr', 'ЧЕРИ ЦЕНТР Советский, автотехцентр', 'Казань', '2016-06-16 17:33:31', 2956015537348644),
(107, 'avtomasterskie_fokus_set_avtotekhcentrov', 'Автомастерские Фокус, сеть автотехцентров', 'Казань', '2016-06-16 17:33:31', 70000001006554121),
(108, 'chipsaway_centr_kuzovnogo_remonta', 'ChipsAway, центр кузовного ремонта', 'Казань', '2016-06-16 17:33:31', 2956016536629178),
(109, 'vip_avto_avtoservis', 'Vip авто, автосервис', 'Казань', '2016-06-16 17:33:31', 2956015536796549),
(110, 'arbakam_avtoservis_ooo_dilerskijj_centr', 'АрбаКам-Автосервис, ООО, дилерский центр', 'Осиново', '2016-06-16 17:33:31', 2956015536648874),
(111, 'avtobass_avtostudiya', 'АВТОБАСС, автостудия', 'Казань', '2016-06-16 17:33:32', 2956015536757157),
(112, 'detrojjt_avto_avtoservis', 'Детройт Авто, автосервис', 'Казань', '2016-06-16 17:33:32', 2956015537326435),
(113, 'freedom_servisnyjj_centr_land_rover', 'FREEDOM, сервисный центр Land Rover', 'Казань', '2016-06-16 17:33:32', 2956016536554136),
(114, 'start_avtoservis', 'СТАРТ, автосервис', 'Казань', '2016-06-16 17:33:32', 2956015537076257),
(115, 'kazgoravto_avtoservis', 'Казгоравто, автосервис', 'Казань', '2016-06-16 17:33:32', 2956015537361727),
(116, 'avtoliga_set_tekhnicheskikh_centrov_oficialnyjj_predstavitel_bosch', 'Автолига, сеть технических центров', 'Казань', '2016-06-16 17:33:32', 2956015536687717),
(117, 'brokers_avtocentr', 'БРОКЕРС, автоцентр', 'Казань', '2016-06-16 17:33:32', 2956016536869372),
(118, 'bulgar_servis_sto', 'Булгар-Сервис, СТО', 'Казань', '2016-06-16 17:33:32', 2956015536462526),
(119, 'shinomontazh_shinomontazhnaya_masterskaya_ip_nefedov_v_v', 'Шиномонтаж+, шиномонтажная мастерская', 'Казань', '2016-06-16 17:33:32', 2956015537216697),
(120, 'ssangyong_avtotekhcentr', 'SsangYong, автотехцентр', 'Казань', '2016-06-16 17:33:32', 2956016536736612),
(121, 'garazh_v8_avtotekhcentr', 'Гараж В8, автотехцентр', 'Казань', '2016-06-16 17:33:33', 2956015537370652),
(122, 'avto_art_avtotekhcentr', 'Авто Арт, автотехцентр', 'Казань', '2016-06-16 17:33:33', 2956016536541437),
(123, 'kazanskijj_set_avtotekhcentrov', 'Казанский, сеть автотехцентров', 'Казань', '2016-06-16 17:33:33', 70000001018910473),
(124, 'rajjkhanavto_avtoatele', 'РайханАвто, автоателье', 'Казань', '2016-06-16 17:33:33', 2956015537354021),
(125, 'avto_favorit_avtotekhservis', 'Авто Фаворит, автотехсервис', 'Казань', '2016-06-16 17:33:33', 2956015536744684),
(126, 'fanat_avto_avtoservis', 'Фанат-Авто, автосервис', 'Казань', '2016-06-16 17:33:33', 2956016536821386),
(127, 'avtoehlektronika_sto', 'АвтоЭлектроника, СТО', 'Казань', '2016-06-16 17:33:33', 2956015536825690),
(128, 'avtodoktor_avtotekhcentr', 'АвтоДоктор, автотехцентр', 'Казань', '2016-06-16 17:33:33', 70000001023067410),
(129, 'iron_park_avtocentr', 'Iron Park, автоцентр', 'Казань', '2016-06-16 17:33:33', 70000001006777906),
(130, 'avtoakademiya_avtoservis', 'АвтоАкадемия, автосервис', 'Казань', '2016-06-16 17:33:33', 2956015536604127),
(131, 'iron_master_servisnyjj_centr', 'Iron Master, сервисный центр', 'Казань', '2016-06-16 17:33:33', 70000001019832555),
(132, 'ferma_2_avtoservis', 'ФЕРМА 2, автосервис', 'Казань', '2016-06-16 17:33:33', 70000001019885552),
(133, 'avtoservis', 'Автосервис', 'Казань', '2016-06-16 17:33:33', 2956016536544141),
(134, 'avtobass_avtostudiya', 'АВТОБАСС, автостудия', 'Казань', '2016-06-16 17:33:33', 2956016536980131),
(135, 'gran_avtoservis', 'Грань, автосервис', 'Казань', '2016-06-16 17:33:33', 2956015536710383),
(136, 'agm_avtotekhcentr', 'AGM, автотехцентр', 'Казань', '2016-06-16 17:33:33', 70000001022476349),
(137, 'amanat_centr_avtoservis', 'АМАНАТ-ЦЕНТР, автосервис', 'Казань', '2016-06-16 17:33:33', 70000001007239941),
(138, '7_boks_avtoservis', '7 бокс, автосервис', 'Казань', '2016-06-16 17:33:33', 2956016537063614),
(139, 'avto_ideal_avtostudiya', 'Авто-идеал, автостудия', 'Казань', '2016-06-16 17:33:34', 70000001007165280),
(140, 'eleron_avtoservis_ip_khusnullin_r_a', 'Eleron, автосервис', 'Казань', '2016-06-16 17:33:34', 2956015536586430),
(141, 'sto', 'СТО', 'Казань', '2016-06-16 17:33:34', 70000001006355724),
(142, 'shinomontazh_shinomontazhnaya_masterskaya_ip_nefedov_v_v', 'Шиномонтаж+, шиномонтажная мастерская', 'Казань', '2016-06-16 17:33:34', 70000001019449885),
(143, 'remzona_avtoservis_ip_polyushkin_s_a', 'RemZona, автосервис', 'Казань', '2016-06-16 17:33:34', 70000001021430786),
(144, 'avto_s_avtotekhcentr', 'Авто-С, автотехцентр', 'Казань', '2016-06-16 17:33:34', 2956015536454446),
(145, 'avtoservis_tatarskoe_respublikanskoe_upravlenie_inkassacii_rosinkas', 'Автосервис, Татарское Республиканское управление инкассации РОСИНКАС', 'Казань', '2016-06-16 17:33:34', 2956015537339723),
(146, 'avtoshina16_set_shinnykh_centrov', 'АВТОШИНА16, сеть шинных центров', 'Казань', '2016-06-16 17:33:34', 2956016536552301),
(147, 'br_gavs_avtotekhcentr', 'Br.Gavs, автотехцентр', 'Казань', '2016-06-16 17:33:35', 2956015537157625),
(148, 'fanat_avto_avtoservis', 'Фанат-Авто, автосервис', 'Казань', '2016-06-16 17:33:35', 70000001007182612),
(149, 'am_performance_centr_kuzovnogo_remonta', 'AM-Performance, центр кузовного ремонта', 'Казань', '2016-06-16 17:33:35', 70000001017489661),
(150, 'molotok_avtoservis', 'Молоток, автосервис', 'Казань', '2016-06-16 17:33:35', 2956015536825398),
(151, 'sherkhan_ooo_avtoservis', 'ШЕРХАН, ООО, автосервис', 'Казань', '2016-06-16 17:33:35', 70000001006338905),
(152, 'voskhod_avtoservis', 'Восход, автосервис', 'Казань', '2016-06-16 17:33:35', 2956015536682250),
(153, 'avto_pit_stop_avtoservis', 'Авто Пит Стоп, автосервис', 'Казань', '2016-06-16 17:33:35', 70000001022046357),
(154, 'himcleaning_detejjling_centr', 'HimCleaning, детейлинг-центр', 'Казань', '2016-06-16 17:33:35', 70000001021810709),
(155, 'komplekt_avto_kompaniya', 'Комплект-Авто, компания', 'Казань', '2016-06-16 17:33:35', 2956015536731834),
(156, 'bolshojjavtoremservis_sto', 'БольшойАвтоРемСервис, СТО', 'Казань', '2016-06-16 17:33:35', 2956015537188195),
(157, 'shajjn_avto_ooo_centr_polirovki_kuzova', 'Шайн-Авто, ООО, центр полировки кузова', 'Казань', '2016-06-16 17:33:35', 2956016536848637),
(158, 'guru_tyuning_ooo_tyuning_atele', 'Гуру-Тюнинг, ООО, тюнинг-ателье', 'Казань', '2016-06-16 17:33:35', 70000001021180147),
(159, 'avtozapchasti_optom_kazan_ooo_avtoservis', 'Автозапчасти оптом Казань, ООО, автосервис', 'Казань', '2016-06-16 17:33:35', 2956015536844725),
(160, 'bakhtiyar_set_avtoservisov_ip_khalilov_b_b', 'Бахтияр, сеть автосервисов', 'Казань', '2016-06-16 17:33:35', 2956015537056461),
(161, 'klakson_avtocentr', 'Клаксон, автоцентр', 'Казань', '2016-06-16 17:33:36', 2956015536895320),
(162, 'kalipso_centr_kuzovnogo_remonta', 'Kalipso, центр кузовного ремонта', 'Казань', '2016-06-16 17:33:36', 2956015537235879),
(163, 'kajjzen_tekhcentr', 'Кайзен, техцентр', 'Казань', '2016-06-16 17:33:36', 70000001022472907),
(164, 'scorpionavto_avtoservis', 'ScorpionAvto, автосервис', 'Казань', '2016-06-16 17:33:36', 70000001021659034),
(165, 'avtodok_avtoservis', 'Автодок, автосервис', 'Казань', '2016-06-16 17:33:36', 2956015536516737),
(166, 'avtoluck_sto_ooo_omikron_avto', 'АвтоLuck, СТО', 'Казань', '2016-06-16 17:33:37', 2956015536722441),
(167, 'kapo_avtotrans_ooo_avtoservis', 'КАПО-АВТОТРАНС, ООО, автосервис', 'Казань', '2016-06-16 17:33:37', 70000001019815836),
(168, 'garazh_sto', 'Гараж, СТО', 'Казань', '2016-06-16 17:33:37', 2956015536593490),
(169, 'ehnergotrans_ooo_transportno_remontnaya_kompaniya', 'Энерготранс, ООО, транспортно-ремонтная компания', 'Казань', '2016-06-16 17:33:37', 2956015536461449),
(170, 'avangard_ooo_avtotekhservis', 'Авангард, ООО, автотехсервис', 'Казань', '2016-06-16 17:33:37', 2956015537128148),
(171, 'artrejjd_servis_ooo_sto', 'Артрейд-сервис, ООО, СТО', 'Казань', '2016-06-16 17:33:37', 2956015536462462),
(172, 'tekhcentr_na_volochaevskojj', 'Техцентр на Волочаевской', 'Казань', '2016-06-16 17:33:37', 2956016536797352),
(173, 'majj_servis_avtoservis_ip_machin_n_p', 'МАЙ СЕРВИС, автосервис', 'Казань', '2016-06-16 17:33:37', 2956015537347590),
(174, 'sto_ip_khalilov_d_kh', 'СТО, ИП Халилов Д.Х.', 'Казань', '2016-06-16 17:33:37', 2956015536467874),
(175, 'nast_sto', 'Наст, СТО', 'Казань', '2016-06-16 17:33:37', 2956015536524857),
(176, 'sto_masterov_avtoservis_ooo_centr_kuzovnogo_remonta', 'Сто Мастеров, автосервис', 'Зеленодольск', '2016-06-16 17:33:37', 2956015537076309),
(177, 'avto_drug_avtotekhcentr', 'Авто-Друг, автотехцентр', 'Казань', '2016-06-16 17:33:37', 2956015536698820),
(178, 'arsenal_servis_po_remontu_renault', 'Арсенал, сервис по ремонту Renault', 'Казань', '2016-06-16 17:33:37', 2956016536633249),
(179, 'avtolajjn_ooo_tekhnicheskijj_centr', 'АвтоЛайн, ООО, технический центр', 'Казань', '2016-06-16 17:33:37', 2956015536462039),
(180, 'bakhtiyar_set_avtoservisov_ip_khalilov_b_b', 'Бахтияр, сеть автосервисов', 'Казань', '2016-06-16 17:33:37', 70000001018958939),
(181, 'zigzag_avtoservis', 'ZigZag, автосервис', 'Казань', '2016-06-16 17:33:38', 70000001006707292),
(182, 'zelenodolsk_lada_sto', 'Зеленодольск-Лада, СТО', 'Зеленодольск', '2016-06-16 17:33:38', 2956016536556773),
(183, 'legion_avtokompleks', 'Легион, автокомплекс', 'Казань', '2016-06-16 17:33:38', 2956015536462707),
(184, 'pit_stop_avtoservis', 'Pit-Stop+, автосервис', 'Казань', '2016-06-16 17:33:38', 2956015537324645),
(185, 'avtolajjv_avtoservis', 'АвтоЛайв+, автосервис', 'Казань', '2016-06-16 17:33:38', 2956015537303633),
(186, 'avtomasterskaya_ip_rodionova_t_a', 'Автомастерская, ИП Родионова Т.А.', 'Казань', '2016-06-16 17:33:38', 2956015536804176),
(187, 'autostil_avtoservis', 'AutoStil, автосервис', 'Казань', '2016-06-16 17:33:38', 2956015537044379),
(188, 'nosorog_avtoservis', 'Носорог, автосервис', 'Казань', '2016-06-16 17:33:38', 2956015536715718),
(189, 'valser_avtoservis', 'Valser, автосервис', 'Казань', '2016-06-16 17:33:39', 2956015536725224),
(190, 'avtokomfort_ooo_avtoservis', 'АвтоКомфорт, ООО, автосервис', 'Казань', '2016-06-16 17:33:39', 2956015536857487),
(191, 'avtomasterskaya_po_remontu_vmyatin_bez_pokraski', 'Автомастерская по ремонту вмятин без покраски', 'Казань', '2016-06-16 17:33:39', 70000001007356608),
(192, 'avto_salmachi_avtotekhcentr', 'Авто Салмачи, автотехцентр', 'Казань', '2016-06-16 17:33:39', 2956016536691809),
(193, '5_boks_avtomasterskaya', '5 бокс, автомастерская', 'Казань', '2016-06-16 17:33:39', 2956015536681908),
(194, 'avtoservis', 'Автосервис', 'Казань', '2016-06-16 17:33:39', 70000001020423006),
(195, 'majj_servis_avtoservis_ip_machin_n_p', 'МАЙ СЕРВИС, автосервис', 'Казань', '2016-06-16 17:33:39', 70000001020930024),
(196, 'barakatavto_avtoservis', 'Баракатавто, автосервис', 'Казань', '2016-06-16 17:33:39', 70000001006595584),
(197, 'avtomojjka', 'Автомойка', 'Казань', '2016-06-16 17:33:39', 70000001006578893),
(198, 'autoguru_centr_avtoremonta', 'Autoguru, центр авторемонта', 'Казань', '2016-06-16 17:33:39', 70000001020539873),
(199, 'akv_servis_avtoservis', 'Akv сервис, автосервис', 'Казань', '2016-06-16 17:33:39', 2956015536841651),
(200, 'yul_bars_avtoservis', 'Юл Барс, автосервис', 'Казань', '2016-06-16 17:33:39', 2956015536466558),
(201, 'dizel_tekhnika_kazan_gruzovojj_avtoservis', 'Дизель Техника-Казань, грузовой автосервис', 'Казань', '2016-06-16 17:33:40', 70000001018031814),
(202, 'mobil_avtoservis', 'Мобиль, автосервис', 'Казань', '2016-06-16 17:33:40', 2956015536604593),
(203, 'za_rulem_avtotekhcentr', 'За рулем, автотехцентр', 'Казань', '2016-06-16 17:33:40', 2956015536812964),
(204, 'zareche_avtoservis', 'Заречье, автосервис', 'Казань', '2016-06-16 17:33:40', 70000001007544356),
(205, 'zalesnyjj_avtoservis', 'Залесный, автосервис', 'Казань', '2016-06-16 17:33:40', 2956015536775270),
(206, 'krasnye_vorota_avtomasterskaya', 'Красные Ворота, автомастерская', 'Казань', '2016-06-16 17:33:40', 2956015536721331),
(207, 'kompaniya_po_remontu_vmyatin_bez_pokraski_ip_sharipov_b_r', 'Компания по ремонту вмятин без покраски, ИП Шарипов Б.Р.', 'Казань', '2016-06-16 17:33:41', 70000001007284836),
(208, 'avtospec_avtoservis', 'Автоспец, автосервис', 'Казань', '2016-06-16 17:33:41', 70000001023356863),
(209, 'avtoservis_ip_khigmatov_a_z', 'Автосервис, ИП Хигматов А.З.', 'Казань', '2016-06-16 17:33:41', 70000001017186534),
(210, 'nigmaavto_kuzovnojj_centr', 'НИГМААВТО, кузовной центр', 'Казань', '2016-06-16 17:33:41', 70000001018267251),
(211, 'avantazh_avtotekhcentr', 'Авантаж, автотехцентр', 'Казань', '2016-06-16 17:33:41', 70000001007253666),
(212, 'drajjv_avtoservis', 'Драйв, автосервис', 'Казань', '2016-06-16 17:33:41', 70000001006559350),
(213, 'azino_centr_kuzovnogo_remonta', 'Азино, центр кузовного ремонта', 'Казань', '2016-06-16 17:33:41', 2956015537120030),
(214, 'avtoklass_avtoservis', 'Автокласс, автосервис', 'Казань', '2016-06-16 17:33:41', 2956015536714003),
(215, 'avto_plyus_avtoservis', 'Авто плюс, автосервис', 'Казань', '2016-06-16 17:33:41', 2956015536911764),
(216, 'avto_101_servis_avtoservis_ooo_oleandr', 'Авто 101 сервис, автосервис', 'Казань', '2016-06-16 17:33:41', 2956015536603872),
(217, 'avtolyuks_avtotekhcentr', 'Автолюкс, автотехцентр', 'Казань', '2016-06-16 17:33:41', 2956015536697014),
(218, 'avtomasterskie_fokus_set_avtotekhcentrov', 'Автомастерские Фокус, сеть автотехцентров', 'Казань', '2016-06-16 17:33:41', 2956015536602982),
(219, 'avtoservis_ip_alekseeva_n_v', 'Автосервис, ИП Алексеева Н.В.', 'Казань', '2016-06-16 17:33:41', 70000001020863961),
(220, 'gudvin_avtoservis', 'Гудвин, автосервис', 'Казань', '2016-06-16 17:33:41', 2956015536775503),
(221, 'gudservis_ooo_avtoservis', 'Гудсервис, ООО, автосервис', 'Казань', '2016-06-16 17:33:42', 2956016537091135),
(222, 'avtoservis_ip_sasin_a_a', 'Автосервис, ИП Сасин А.А.', 'Казань', '2016-06-16 17:33:42', 2956016536557658),
(223, 'fakel_avtoservis', 'Факел, автосервис', 'Казань', '2016-06-16 17:33:42', 70000001018895624),
(224, 'test_avto_ooo_avtomasterskaya', 'Тест Авто, ООО, автомастерская', 'Казань', '2016-06-16 17:33:42', 70000001017356193),
(225, 'avtoliga_set_tekhnicheskikh_centrov_oficialnyjj_predstavitel_bosch', 'Автолига, сеть технических центров', 'Казань', '2016-06-16 17:33:42', 2956015536570737),
(226, 'stolica_avtoservis', 'Столица, автосервис', 'Казань', '2016-06-16 17:33:42', 2956015537010818),
(227, 'lajjmservis_avtoservis', 'ЛаймСервис, автосервис', 'Казань', '2016-06-16 17:33:43', 70000001018407543),
(228, 'avtoprofi_avtoservis', 'Автопрофи, автосервис', 'Казань', '2016-06-16 17:33:43', 70000001006478093),
(229, 'avtoservis_na_doroge', 'Автосервис на дороге', 'Казань', '2016-06-16 17:33:43', 70000001006707558),
(230, 'u_nailya_avtoservis', 'У Наиля, автосервис', 'Казань', '2016-06-16 17:33:43', 2956016536956771),
(231, 'avtoservis_ip_mingaliev_r_r', 'Автосервис, ИП Мингалиев Р.Р.', 'Казань', '2016-06-16 17:33:43', 2956015536584822),
(232, 'avtoservis_ip_gogonin_yu_s', 'Автосервис, ИП Гогонин Ю.С.', 'Казань', '2016-06-16 17:33:43', 2956015537076284),
(233, 'nigmaavto_kuzovnojj_centr', 'НИГМААВТО, кузовной центр', 'Казань', '2016-06-16 17:33:43', 70000001017235001),
(234, 'avtotekhcentr', 'Автотехцентр', 'Зеленодольск', '2016-06-16 17:33:43', 70000001006147741),
(235, 'avantazh_avtotekhcentr', 'Авантаж, автотехцентр', 'Казань', '2016-06-16 17:33:43', 70000001023253151),
(236, 'delfin_avto_avtoservis', 'Дельфин авто, автосервис', 'Казань', '2016-06-16 17:33:43', 70000001021340647),
(237, 'master_avtoservis_ip_burganova_i_i', 'Мастер, автосервис', 'Казань', '2016-06-16 17:33:43', 2956016536676041),
(238, 'avtomaster_avtoservis', 'АвтоМастер, автосервис', 'Казань', '2016-06-16 17:33:44', 70000001021175803),
(239, 'avtoservis_ip_fedulov_s_i', 'Автосервис, ИП Федулов С.И.', 'Казань', '2016-06-16 17:33:44', 2956015536889157),
(240, 'avtozhest_avtoservis', 'Автожесть, автосервис', 'Казань', '2016-06-16 17:33:44', 2956016536597003),
(241, 'avtosok_avtoservis', 'АвтоСОК, автосервис', 'Казань', '2016-06-16 17:33:44', 2956015537327235),
(242, 'spectekh_ooo_sto', 'СпецТех, ООО, СТО', 'Казань', '2016-06-16 17:33:44', 2956016536653974),
(243, 'realservis_avtoservis', 'РеалСервис, автосервис', 'Казань', '2016-06-16 17:33:44', 2956016536491118),
(244, 'alekstrejjd_ooo_avtoservis', 'АлексТрейд, ООО, автосервис', 'Казань', '2016-06-16 17:33:44', 2956016536703073),
(245, 'klakson_sto', 'Клаксон, СТО', 'Казань', '2016-06-16 17:33:45', 2956016537095373),
(246, 'bakhtiyar_set_avtoservisov_ip_khalilov_b_b', 'Бахтияр, сеть автосервисов', 'Казань', '2016-06-16 17:33:45', 70000001019003406),
(247, 'sever_avto_avtoservis', 'Север-авто, автосервис', 'Казань', '2016-06-16 17:33:45', 2956016536857024),
(248, 'lider_avtoservis', 'Лидер+, автосервис', 'Казань', '2016-06-16 17:33:45', 2956016536642709),
(249, 'standart_avtoservis', 'Стандарт, автосервис', 'Осиново', '2016-06-16 17:33:45', 70000001021807835),
(250, 'sto24_avtoservis', 'СТО24, автосервис', 'Казань', '2016-06-16 17:33:45', 70000001022055536),
(251, 'drajjv_sistem_avtoservis', 'Драйв-Систем, автосервис', 'Казань', '2016-06-16 17:33:45', 2956016536503608),
(252, 'avtoservis_ip_svorak_a_o', 'Автосервис, ИП Сворак А.О.', 'Казань', '2016-06-16 17:33:45', 70000001017544886),
(253, 'luch_avtoservis', 'ЛУЧ, автосервис', 'Казань', '2016-06-16 17:33:45', 70000001019571250),
(254, 'zheorzhiya_avtoservis', 'Жеоржия, автосервис', 'Казань', '2016-06-16 17:33:45', 2956015536466502),
(255, 'firma_graal_ooo_avtoservis', 'Фирма Грааль, ООО, автосервис', 'Казань', '2016-06-16 17:33:46', 70000001018406075),
(256, 'avtoservis', 'Автосервис', 'Казань', '2016-06-16 17:33:46', 70000001022234391),
(257, 'savinovo_avtoservis', 'Савиново, автосервис', 'Казань', '2016-06-16 17:33:46', 2956015537245011),
(258, 'avtograd_avtoservis', 'Автоград, автосервис', 'Казань', '2016-06-16 17:33:46', 70000001018987508),
(259, '3_boks_avtoservis_ip_minnivaliev_m_kh', '3-Бокс, автосервис', 'Казань', '2016-06-16 17:33:46', 2956015536743037),
(260, 'avtoservis', 'Автосервис', 'Казань', '2016-06-16 17:33:46', 2956016536967795),
(261, 'mms_avtoservis', 'ММС, автосервис', 'Казань', '2016-06-16 17:33:46', 70000001021316874),
(262, 'avtor_avtoservis', 'АвтоР, автосервис', 'Казань', '2016-06-16 17:33:46', 70000001020691127),
(263, 'shaman_sto', 'Шаман, СТО', 'Казань', '2016-06-16 17:33:47', 70000001021087803),
(264, 'titan_avto_sto', 'Титан-Авто, СТО', 'Казань', '2016-06-16 17:33:47', 2956015536462793),
(265, 'pitbull_avtoservis', 'Pitbull, автосервис', 'Казань', '2016-06-16 17:33:47', 2956016536799849),
(266, 'tekhstrojj_ooo_avtomasterskaya', 'Техстрой, ООО, автомастерская', 'Казань', '2016-06-16 17:33:47', 2956015536771518),
(267, 'kompaniya_kuzovnogo_remonta', 'Компания кузовного ремонта', 'Казань', '2016-06-16 17:33:47', 70000001021834198),
(268, 'sanar_avtoservis', 'Sanar, автосервис', 'Казань', '2016-06-16 17:33:47', 2956015537063674),
(269, 'avto_service_sto', 'Avto-service, СТО', 'Казань', '2016-06-16 17:33:47', 70000001007031415),
(270, 'avtogarazh_sto', 'Автогараж, СТО', 'Казань', '2016-06-16 17:33:47', 70000001018555169),
(271, 'pomoshh_na_doroge_sluzhba_ehvakuacii_i_vyezdnojj_tekhnicheskojj_pomoshhi', 'Помощь на дороге, служба эвакуации и выездной технической помощи', 'Казань', '2016-06-16 17:33:47', 70000001006967331),
(272, 'serviskar_ooo_vyezdnaya_sluzhba_remonta_spectekhniki', 'Сервискар, ООО, выездная служба ремонта спецтехники', 'Казань', '2016-06-16 17:33:47', 70000001007349397),
(273, 'dimapol_mnogoprofilnaya_kompaniya', 'Димапол, многопрофильная компания', 'Казань', '2016-06-16 17:33:47', 70000001022641783),
(274, 'avtoservis_ip_abdulaev_g_i', 'Автосервис, ИП Абдулаев Г.И.', 'Казань', '2016-06-16 17:33:47', 2956015536747666),
(275, 'garant_avto_avtoservis', 'Гарант Авто, автосервис', 'Казань', '2016-06-16 17:33:47', 70000001018001662),
(276, 'tandem_avto_sto', 'Тандем Авто, СТО', 'Казань', '2016-06-16 17:33:48', 2956015536526132),
(277, 'avtomasterskaya', 'Автомастерская', 'Казань', '2016-06-16 17:33:48', 70000001006991195),
(278, 'zolotojj_drakon_avtomasterskaya', 'Золотой Дракон, автомастерская', 'Казань', '2016-06-16 17:33:48', 2956015536498358),
(279, 'transportnaya_kompaniya_ip_valiullin_r_n', 'Транспортная компания, ИП Валиуллин Р.Н.', 'Казань', '2016-06-16 17:33:48', 2956015537010819),
(280, 'kajjmary_avto_avtoservis', 'Каймары-авто, автосервис', 'Каймары', '2016-06-16 17:33:48', 2956015536757926),
(281, 'amega_sto', 'Амега, СТО', 'Казань', '2016-06-16 17:33:48', 70000001022181279),
(282, 'shinomontazhnaya_masterskaya_ip_garipov_a_i', 'Шиномонтажная мастерская, ИП Гарипов А.И.', 'Казань', '2016-06-16 17:33:49', 70000001006177623),
(283, 'rad_avto_avtoservis', 'Рад-Авто, автосервис', 'Казань', '2016-06-16 17:33:49', 70000001022052569),
(284, 'avtoservis_ip_buzunov_s_a', 'Автосервис, ИП Бузунов С.А.', 'Верхний Услон', '2016-06-16 17:33:49', 2956015536997737),
(285, 'restyleauto_avtomasterskaya', 'RestyleAuto, автомастерская', 'Казань', '2016-06-16 17:33:49', 70000001021563578),
(286, 'master_avtocentr', 'Мастер, автоцентр', 'Казань', '2016-06-16 17:33:49', 2956015536462711),
(287, 'life_avtocentr', 'Life, автоцентр', 'Казань', '2016-06-16 17:33:49', 70000001022669060),
(288, 'gimix_avtoservis', 'Gimix, автосервис', 'Казань', '2016-06-16 17:33:49', 2956015537207817),
(289, 'time_machines_avtocentr', 'Time Machines, автоцентр', 'Казань', '2016-06-16 17:33:49', 70000001022476706),
(290, 'avtostandart_avtoservis', 'Автостандарт, автосервис', 'Осиново', '2016-06-16 17:33:49', 2956016537078733),
(291, 'avtoservis_ip_shiryaev_a_n', 'Автосервис, ИП Ширяев А.Н.', 'Казань', '2016-06-16 17:33:49', 2956015537235571),
(292, 'avtotekhcentr_ip_katomin_a_m', 'Автотехцентр, ИП Катомин А.М.', 'Зеленодольск', '2016-06-16 17:33:49', 2956015536637933),
(293, 'avtoservis', 'Автосервис', 'Казань', '2016-06-16 17:33:49', 70000001018360540),
(294, 'anna_ooo_avtoservis', 'Анна, ООО, автосервис', 'Казань', '2016-06-16 17:33:49', 70000001022902760),
(295, 'avtomasterskaya_ip_kozulina_r_r', 'Автомастерская, ИП Козулина Р.Р.', 'Высокая Гора', '2016-06-16 17:33:50', 70000001006777353),
(296, 'avtocvet_centr_kuzovnogo_remonta', 'Автоцвет, центр кузовного ремонта', 'Зеленодольск', '2016-06-16 17:33:50', 2956016536510115),
(297, 'avtomagiya_avtoservis_ip_martynov_v_g', 'Автомагия, автосервис', 'Зеленодольск', '2016-06-16 17:33:50', 2956015536633287),
(298, 'avtoservis_ip_yarullin_r_i', 'Автосервис, ИП Яруллин Р.И.', 'Зеленодольск', '2016-06-16 17:33:50', 2956016536675214),
(299, 'maulin_avtoservis', 'Maulin, автосервис', 'Высокая Гора', '2016-06-16 17:33:50', 2956015536874244),
(300, 'avtomalyar_firma', 'AVTOмаляр, фирма', 'Зеленодольск', '2016-06-16 17:33:50', 70000001020402897),
(301, 'chastnaya_masterskaya_kuzovnogo_remonta', 'Частная мастерская кузовного ремонта', 'Казань', '2016-06-16 17:33:50', 2956015536558136),
(302, 'zheltye_vorota_sto', 'Желтые ворота, СТО', 'Волжск (Марий Эл респ.)', '2016-06-16 17:33:51', 2956015537023244),
(303, 'vair_servis_avtotekhcentr', 'ВАИР-Сервис, автотехцентр', 'Волжск (Марий Эл респ.)', '2016-06-16 17:33:51', 2956015536646115),
(304, 'avtoservis', 'Автосервис', 'Волжск (Марий Эл респ.)', '2016-06-16 17:33:51', 70000001019182471),
(305, 'avtoliga_set_tekhnicheskikh_centrov_oficialnyjj_predstavitel_bosch', 'Автолига, сеть технических центров', 'Казань', '2016-06-16 17:33:51', 2956016536582744),
(306, 'avtoliga_set_tekhnicheskikh_centrov_oficialnyjj_predstavitel_bosch', 'Автолига, сеть технических центров', 'Казань', '2016-06-16 17:33:51', 2956015536687716),
(307, 'avtostoyanka_ip_gorbatenkova_a_v', 'Автостоянка, ИП Горбатенкова А.В.', 'Зеленодольск', '2016-06-16 17:33:52', 70000001018176322),
(308, 'grand_o_ooo_avtostoyanka', 'Гранд-О, ООО, автостоянка', 'Казань', '2016-06-16 17:33:52', 2956016536565253),
(309, 'parkovka_vakhitovskijj_rajjon', 'Парковка, Вахитовский район', 'Казань', '2016-06-16 17:33:52', 2956016536575611),
(310, 'parking_aehroport_kazan', 'Паркинг аэропорт Казань', 'Казань', '2016-06-16 17:33:52', 70000001018530346),
(311, 'kremlevskaya_naberezhnaya_avtostoyanka', 'Кремлевская набережная, автостоянка', 'Казань', '2016-06-16 17:33:52', 70000001019682301),
(312, 'platnaya_parkovka_privolzhskijj_rajjon', 'Платная парковка, Приволжский район', 'Казань', '2016-06-16 17:33:52', 70000001006759158),
(313, 'barabus_platnaya_parkovka', 'Барабус, платная парковка', 'Казань', '2016-06-16 17:33:52', 2956016536848667),
(314, 'zvezdnaya_avtostoyanka', 'Звездная, автостоянка', 'Малые Кабаны', '2016-06-16 17:33:52', 70000001020623359),
(315, 'kzn_parkovka_parkovochnyjj_kompleks', 'KZN_PARKOVKA, парковочный комплекс', 'Столбище', '2016-06-16 17:33:53', 70000001017940414),
(316, 'annoma_parking_avtostoyanka', 'Аннома паркинг, автостоянка', 'Столбище', '2016-06-16 17:33:53', 2956016536923891),
(317, 'apart_servis_ooo_platnaya_parkovka', 'Апарт Сервис, ООО, платная парковка', 'Казань', '2016-06-16 17:33:53', 70000001018494472),
(318, 'avto_khaus_ooo_mnogourovnevyjj_parkovochnyjj_kompleks', 'Авто хаус, ООО, многоуровневый парковочный комплекс', 'Казань', '2016-06-16 17:33:53', 70000001021556558),
(319, 'avtostoyanka_voa', 'Автостоянка, ВОА', 'Казань', '2016-06-16 17:33:53', 2956015536463864),
(320, 'tatneft_parkovka_mnogourovnevyjj_parkovochnyjj_kompleks', 'Татнефть Парковка, многоуровневый парковочный комплекс', 'Казань', '2016-06-16 17:33:53', 70000001006969402),
(321, 'kolco_parkovka', 'Кольцо, парковка', 'Казань', '2016-06-16 17:33:53', 70000001018029325),
(322, 'kmpo_oao_avtostoyanka', 'КМПО, ОАО, автостоянка', 'Казань', '2016-06-16 17:33:53', 2956015536992833),
(323, 'platnaya_parkovka_novo_savinovskijj_rajjon', 'Платная парковка, Ново-Савиновский район', 'Казань', '2016-06-16 17:33:53', 2956016536699941),
(324, 'santekhservis_ooo_platnaya_parkovka', 'Сантехсервис, ООО, платная парковка', 'Казань', '2016-06-16 17:33:53', 70000001017889383),
(325, 'parkovochnyjj_servis_parking', 'Парковочный сервис, паркинг', 'Казань', '2016-06-16 17:33:53', 2956015536582896),
(326, 'karsar_avtostoyanka', 'КАРСАР, автостоянка', 'Казань', '2016-06-16 17:33:53', 2956016536841207),
(327, 'golden_lajjns_ooo_avtostoyanka', 'Голден Лайнс, ООО, автостоянка', 'Казань', '2016-06-16 17:33:54', 2956015536463837),
(328, 'ashit_ooo_avtostoyanka', 'Ашит, ООО, автостоянка', 'Казань', '2016-06-16 17:33:54', 2956015536645042),
(329, 'parkovka_vakhitovskijj_rajjon', 'Парковка, Вахитовский район', 'Казань', '2016-06-16 17:33:54', 2956016536575613),
(330, 'kruglosutochnaya_avtostoyanka', 'Круглосуточная автостоянка', 'Казань', '2016-06-16 17:33:54', 2956015536467181),
(331, 'platnaya_parkovka_aviastroitelnyjj_rajjon', 'Платная парковка, Авиастроительный район', 'Казань', '2016-06-16 17:33:54', 2956016536575618),
(332, 'azinskijj_avtostoyanka', 'Азинский, автостоянка', 'Казань', '2016-06-16 17:33:55', 2956015536526071),
(333, 'platnaya_parkovka_privolzhskijj_rajjon', 'Платная парковка, Приволжский район', 'Казань', '2016-06-16 17:33:55', 70000001020249413),
(334, 'mnogourovnevaya_platnaya_parkovka', 'Многоуровневая платная парковка', 'Казань', '2016-06-16 17:33:55', 70000001020211949),
(335, 'doris_99_avtostoyanka', 'Дорис-99, автостоянка', 'Казань', '2016-06-16 17:33:55', 2956015536582894),
(336, 'avtostoyanka_ip_atamuratov_a_n', 'Автостоянка, ИП Атамуратов А.Н.', 'Песчаные Ковали', '2016-06-16 17:33:55', 2956016536726108),
(337, 'avtostoyanka_ip_shamsieva_r_k', 'Автостоянка, ИП Шамсиева Р.К.', 'Столбище', '2016-06-16 17:33:55', 70000001021375732),
(338, 'avtostoyanka_ip_gajjnullin_f_d', 'Автостоянка, ИП Гайнуллин Ф.Д.', 'Казань', '2016-06-16 17:33:55', 2956015536603308),
(339, 'apart_servis_ooo_platnaya_parkovka', 'Апарт Сервис, ООО, платная парковка', 'Казань', '2016-06-16 17:33:55', 70000001018494459),
(340, 'na_amirkhana_eniki_avtostoyanka', 'На Амирхана Еники, автостоянка', 'Казань', '2016-06-16 17:33:55', 70000001018629451),
(341, 'avtomir_ooo_avtostoyanka', 'Автомир, ООО, автостоянка', 'Казань', '2016-06-16 17:33:55', 2956015537042992),
(342, 'avtostoyanka_voa', 'Автостоянка, ВОА', 'Казань', '2016-06-16 17:33:55', 2956015536802498),
(343, 'avtostoyanka', 'Автостоянка', 'Казань', '2016-06-16 17:33:55', 2956015537172967),
(344, 'avtostoyanka', 'Автостоянка', 'Казань', '2016-06-16 17:33:55', 2956015537238845),
(345, 'avtostoyanka', 'Автостоянка', 'Казань', '2016-06-16 17:33:55', 2956015537174830),
(346, 'mnogourovnevaya_platnaya_parkovka', 'Многоуровневая платная парковка', 'Казань', '2016-06-16 17:33:55', 70000001020211982),
(347, 'platnaya_parkovka_novo_savinovskijj_rajjon', 'Платная парковка, Ново-Савиновский район', 'Казань', '2016-06-16 17:33:56', 2956016537052201),
(348, 'avtostoyanka_ip_khusnullin_a_r', 'Автостоянка, ИП Хуснуллин А.Р.', 'Казань', '2016-06-16 17:33:56', 2956015537010798),
(349, 'dulkyn_ooo_avtostoyanka', 'Дулкын, ООО, автостоянка', 'Казань', '2016-06-16 17:33:56', 2956015536867787),
(350, 'akond_ooo_avtostoyanka', 'Аконд, ООО, автостоянка', 'Казань', '2016-06-16 17:33:56', 2956015537141813),
(351, 'avtostoyanka', 'Автостоянка', 'Казань', '2016-06-16 17:33:56', 2956015537182634),
(352, 'gran_avtostoyanka', 'Грань, автостоянка', 'Казань', '2016-06-16 17:33:56', 70000001019206832),
(353, 'avtostoyanka', 'Автостоянка', 'Казань', '2016-06-16 17:33:56', 2956015537160702),
(354, 'na_tukaya_avtostoyanka_ip_nikolaev_b_i', 'На Тукая, автостоянка', 'Зеленодольск', '2016-06-16 17:33:56', 2956016536633112),
(355, 'avtostoyanka', 'Автостоянка', 'Казань', '2016-06-16 17:33:56', 2956015537136915),
(356, 'avtostoyanka', 'Автостоянка', 'Казань', '2016-06-16 17:33:56', 2956016537071120),
(357, 'udacha_ooo_avtostoyanka', 'Удача, ООО, автостоянка', 'Казань', '2016-06-16 17:33:56', 2956015536463910),
(358, 'express_petroleum_service_avtostoyanka', 'Express Petroleum Service, автостоянка', 'Нарат', '2016-06-16 17:33:56', 70000001006995282),
(359, 'antejj_ooo_avtostoyanka', 'Антей, ООО, автостоянка', 'Казань', '2016-06-16 17:33:56', 2956015537044394),
(360, 'avtostoyanka', 'Автостоянка', 'Казань', '2016-06-16 17:33:56', 2956015537246235),
(361, 'bereg_avtostoyanka', 'Берег, автостоянка', 'Казань', '2016-06-16 17:33:56', 2956015536603301),
(362, 'avtostoyanka', 'Автостоянка', 'Казань', '2016-06-16 17:33:57', 2956015537377232),
(363, 'avtostoyanka', 'Автостоянка', 'Казань', '2016-06-16 17:33:57', 2956015537155597),
(364, 'avtostoyanka', 'Автостоянка', 'Казань', '2016-06-16 17:33:57', 2956015537186417),
(365, 'takpo_zao_avtostoyanka', 'Такпо, ЗАО, автостоянка', 'Казань', '2016-06-16 17:33:57', 2956015536940173),
(366, 'grif_avtostoyanka', 'Гриф, автостоянка', 'Казань', '2016-06-16 17:33:57', 2956015536500384),
(367, 'tekhnika_ooo_avtostoyanka', 'Техника, ООО, автостоянка', 'Казань', '2016-06-16 17:33:57', 2956015536508134),
(368, 'avtostoyanka', 'Автостоянка', 'Казань', '2016-06-16 17:33:57', 2956015537218722),
(369, 'saban_ooo_avtostoyanka', 'Сабан, ООО, автостоянка', 'Казань', '2016-06-16 17:33:57', 2956015536597470),
(370, 'voskhod_ooo_avtostoyanka', 'Восход, ООО, автостоянка', 'Казань', '2016-06-16 17:33:57', 2956015537044457),
(371, 'avtostoyanka', 'Автостоянка', 'Казань', '2016-06-16 17:33:57', 2956015537206059),
(372, 'avtostoyanka', 'Автостоянка', 'Казань', '2016-06-16 17:33:57', 70000001022063232),
(373, 'avtostoyanka', 'Автостоянка', 'Казань', '2016-06-16 17:33:57', 2956016536586720),
(374, 'avtostoyanka', 'Автостоянка', 'Казань', '2016-06-16 17:33:57', 2956015537160115),
(375, 'avtostoyanka', 'Автостоянка', 'Казань', '2016-06-16 17:33:58', 2956015537185610),
(376, 'tamle_ooo_avtostoyanka', 'Тамле, ООО, автостоянка', 'Казань', '2016-06-16 17:33:58', 2956015537172816),
(377, 'avtostoyanka', 'Автостоянка', 'Казань', '2016-06-16 17:33:58', 2956015537181956),
(378, 'avtostoyanka', 'Автостоянка', 'Казань', '2016-06-16 17:33:58', 2956015537193252),
(379, 'avtostoyanka', 'Автостоянка', 'Казань', '2016-06-16 17:33:58', 2956015537246246),
(380, 'avtostoyanka', 'Автостоянка', 'Казань', '2016-06-16 17:33:58', 2956016537012660),
(381, 'avtostoyanka', 'Автостоянка', 'Казань', '2016-06-16 17:33:58', 70000001007234062),
(382, 'avtostoyanka', 'Автостоянка', 'Казань', '2016-06-16 17:33:58', 70000001017511769),
(383, 'avtostoyanka', 'Автостоянка', 'Казань', '2016-06-16 17:33:58', 2956015537334252),
(384, 'kvartal_ooo_avtostoyanka', 'Квартал, ООО, автостоянка', 'Казань', '2016-06-16 17:33:58', 2956015537057812),
(385, 'avtostoyanka', 'Автостоянка', 'Казань', '2016-06-16 17:33:58', 2956015537246286),
(386, 'flagman_ooo_avtostoyanka', 'Флагман, ООО, автостоянка', 'Казань', '2016-06-16 17:33:58', 2956015537042987),
(387, 'avtostoyanka', 'Автостоянка', 'Казань', '2016-06-16 17:33:58', 2956015537123836),
(388, 'avtostoyanka', 'Автостоянка', 'Казань', '2016-06-16 17:33:59', 2956015537160215),
(389, 'avtostoyanka', 'Автостоянка', 'Казань', '2016-06-16 17:33:59', 2956015537160748),
(390, 'avtostoyanka', 'Автостоянка', 'Казань', '2016-06-16 17:33:59', 2956015537160769),
(391, 'avtostoyanka', 'Автостоянка', 'Казань', '2016-06-16 17:33:59', 70000001018617541),
(392, 'avtostoyanka', 'Автостоянка', 'Казань', '2016-06-16 17:33:59', 2956015537173997),
(393, 'avtostoyanka', 'Автостоянка', 'Казань', '2016-06-16 17:33:59', 2956015537186418),
(394, 'parkovka_vakhitovskijj_rajjon', 'Парковка, Вахитовский район', 'Казань', '2016-06-16 17:33:59', 2956016536723800),
(395, 'avtostoyanka', 'Автостоянка', 'Казань', '2016-06-16 17:33:59', 2956015537246219),
(396, 'avtostoyanka', 'Автостоянка', 'Казань', '2016-06-16 17:33:59', 2956015537246267),
(397, 'yuter_ooo_avtostoyanka', 'Ютер, ООО, автостоянка', 'Казань', '2016-06-16 17:33:59', 2956015536730502),
(398, 'platnaya_parkovka_privolzhskijj_rajjon', 'Платная парковка, Приволжский район', 'Казань', '2016-06-16 17:33:59', 70000001019206082),
(399, 'avtostoyanka', 'Автостоянка', 'Казань', '2016-06-16 17:33:59', 2956015537253464),
(400, 'avtostoyanka_ip_garifullin_r_r', 'Автостоянка, ИП Гарифуллин Р.Р.', 'Казань', '2016-06-16 17:33:59', 2956015537057829),
(401, 'avtostoyanka', 'Автостоянка', 'Казань', '2016-06-16 17:33:59', 2956015537160662),
(402, 'avtostoyanka', 'Автостоянка', 'Казань', '2016-06-16 17:33:59', 70000001007220290),
(403, 'avtostoyanka', 'Автостоянка', 'Казань', '2016-06-16 17:33:59', 2956015537188111),
(404, 'avtostoyanka', 'Автостоянка', 'Казань', '2016-06-16 17:33:59', 2956015537191023),
(405, 'avtostoyanka', 'Автостоянка', 'Казань', '2016-06-16 17:33:59', 2956015537246270),
(406, 'avtostoyanka_voa', 'Автостоянка, ВОА', 'Казань', '2016-06-16 17:33:59', 2956015536802497),
(407, 'avtostoyanka', 'Автостоянка', 'Казань', '2016-06-16 17:34:00', 2956015537253465),
(408, 'avtostoyanka', 'Автостоянка', 'Казань', '2016-06-16 17:34:00', 70000001007220323),
(409, 'avtostoyanka', 'Автостоянка', 'Казань', '2016-06-16 17:34:00', 2956015537174825),
(410, 'avtostoyanka', 'Автостоянка', 'Казань', '2016-06-16 17:34:00', 2956015537188113),
(411, 'platnaya_parkovka_novo_savinovskijj_rajjon', 'Платная парковка, Ново-Савиновский район', 'Казань', '2016-06-16 17:34:00', 70000001017363924),
(412, 'avtostoyanka', 'Автостоянка', 'Казань', '2016-06-16 17:34:00', 2956015537190440),
(413, 'avtostoyanka', 'Автостоянка', 'Казань', '2016-06-16 17:34:00', 2956015537192342),
(414, 'avtostoyanka', 'Автостоянка', 'Казань', '2016-06-16 17:34:00', 2956016536593652),
(415, 'voskhod_gazto_ooo_avtostoyanka', 'Восход-ГазТО, ООО, автостоянка', 'Казань', '2016-06-16 17:34:00', 2956015537163621),
(416, 'avtostoyanka', 'Автостоянка', 'Казань', '2016-06-16 17:34:00', 2956016536618534),
(417, 'bayar_ooo_avtostoyanka', 'Баяр, ООО, автостоянка', 'Казань', '2016-06-16 17:34:00', 2956015537123804),
(418, 'avtostoyanka', 'Автостоянка', 'Казань', '2016-06-16 17:34:00', 2956015537178551),
(419, 'avtostoyanka', 'Автостоянка', 'Казань', '2016-06-16 17:34:00', 2956015537160105),
(420, 'avtostoyanka', 'Автостоянка', 'Казань', '2016-06-16 17:34:00', 2956015537293305),
(421, 'yuter_ooo_avtostoyanka', 'Ютер, ООО, автостоянка', 'Казань', '2016-06-16 17:34:00', 2956015536463924),
(422, 'avtostoyanka', 'Автостоянка', 'Казань', '2016-06-16 17:34:01', 2956016536585471),
(423, 'avtostoyanka', 'Автостоянка', 'Казань', '2016-06-16 17:34:01', 2956015537185611),
(424, 'avtostoyanka', 'Автостоянка', 'Казань', '2016-06-16 17:34:01', 2956016536585365),
(425, 'avtostoyanka', 'Автостоянка', 'Казань', '2016-06-16 17:34:01', 2956015537176243),
(426, 'avtostoyanka', 'Автостоянка', 'Казань', '2016-06-16 17:34:01', 2956016536976786),
(427, 'avtostoyanka', 'Автостоянка', 'Казань', '2016-06-16 17:34:01', 70000001018293511),
(428, 'avtostoyanka', 'Автостоянка', 'Казань', '2016-06-16 17:34:01', 70000001020118627),
(429, 'ingo_ooo_avtostoyanka', 'Инго, ООО, автостоянка', 'Казань', '2016-06-16 17:34:01', 2956015537141814),
(430, 'amir_ooo_avtostoyanka', 'Амир, ООО, автостоянка', 'Казань', '2016-06-16 17:34:01', 2956015537141816),
(431, 'avtostoyanka', 'Автостоянка', 'Казань', '2016-06-16 17:34:01', 2956015537160683),
(432, 'avtostoyanka', 'Автостоянка', 'Казань', '2016-06-16 17:34:01', 2956015537160737),
(433, 'avtostoyanka', 'Автостоянка', 'Казань', '2016-06-16 17:34:01', 2956015537160772),
(434, 'avtostoyanka', 'Автостоянка', 'Казань', '2016-06-16 17:34:01', 2956015537232936);
INSERT INTO `zf_gparser_firm` (`id_gparser_firm`, `firm_alias`, `firm_name`, `firm_city`, `firm_insert_date`, `firm_external_id`) VALUES
(435, 'avtostoyanka', 'Автостоянка', 'Казань', '2016-06-16 17:34:01', 2956016536578023),
(436, 'avtostoyanka', 'Автостоянка', 'Казань', '2016-06-16 17:34:02', 2956016536580430),
(437, 'avtostoyanka', 'Автостоянка', 'Казань', '2016-06-16 17:34:02', 70000001020554906),
(438, 'avtostoyanka', 'Автостоянка', 'Казань', '2016-06-16 17:34:02', 2956015537042985),
(439, 'avtostoyanka', 'Автостоянка', 'Казань', '2016-06-16 17:34:02', 2956015537174735),
(440, 'avtostoyanka', 'Автостоянка', 'Казань', '2016-06-16 17:34:02', 2956015537245025),
(441, 'avtostoyanka', 'Автостоянка', 'Казань', '2016-06-16 17:34:02', 2956015537245078),
(442, 'avtostoyanka', 'Автостоянка', 'Казань', '2016-06-16 17:34:02', 2956015537136994),
(443, 'avtostoyanka', 'Автостоянка', 'Казань', '2016-06-16 17:34:02', 2956015537160006),
(444, 'avtostoyanka', 'Автостоянка', 'Казань', '2016-06-16 17:34:02', 2956016536593662),
(445, 'avtostoyanka', 'Автостоянка', 'Казань', '2016-06-16 17:34:02', 2956016536594631),
(446, 'avtostoyanka', 'Автостоянка', 'Казань', '2016-06-16 17:34:02', 70000001022180543),
(447, 'avtostoyanka', 'Автостоянка', 'Казань', '2016-06-16 17:34:02', 2956015537246240),
(448, 'avtostoyanka', 'Автостоянка', 'Казань', '2016-06-16 17:34:02', 2956015537159996),
(449, 'avtostoyanka', 'Автостоянка', 'Казань', '2016-06-16 17:34:02', 2956015537160007),
(450, 'avtostoyanka', 'Автостоянка', 'Казань', '2016-06-16 17:34:03', 2956015537160109),
(451, 'avtostoyanka', 'Автостоянка', 'Казань', '2016-06-16 17:34:03', 2956015537230967),
(452, 'avtostoyanka_ip_takhteev_n_k', 'Автостоянка, ИП Тахтеев Н.К.', 'Казань', '2016-06-16 17:34:03', 2956015536462616),
(453, 'na_parkovojj_avtostoyanka', 'На Парковой, автостоянка', 'Казань', '2016-06-16 17:34:03', 2956015537062323),
(454, 'avtostoyanka', 'Автостоянка', 'Казань', '2016-06-16 17:34:03', 2956015537160009),
(455, 'avtostoyanka', 'Автостоянка', 'Казань', '2016-06-16 17:34:03', 2956015537293312),
(456, 'avtostoyanka', 'Автостоянка', 'Казань', '2016-06-16 17:34:03', 2956016536600610),
(457, 'karbit_ooo_avtostoyanka', 'Карбит, ООО, автостоянка', 'Казань', '2016-06-16 17:34:03', 2956015537123738),
(458, 'avtostoyanka', 'Автостоянка', 'Казань', '2016-06-16 17:34:03', 2956016536589357),
(459, 'avtostoyanka', 'Автостоянка', 'Казань', '2016-06-16 17:34:03', 2956015537185723),
(460, 'avtostoyanka', 'Автостоянка', 'Казань', '2016-06-16 17:34:03', 2956015537172989),
(461, 'avtostoyanka', 'Автостоянка', 'Осиново', '2016-06-16 17:34:03', 2956016536951218),
(462, 'yansu_ooo_avtostoyanka', 'Янсу, ООО, автостоянка', 'Казань', '2016-06-16 17:34:03', 2956015536867825),
(463, 'avtostoyanka_ip_fattakhov_a_a', 'Автостоянка, ИП Фаттахов А.А.', 'Казань', '2016-06-16 17:34:03', 2956015537057814),
(464, 'avtostoyanka', 'Автостоянка', 'Казань', '2016-06-16 17:34:03', 2956015537192344),
(465, 'avtostoyanka', 'Автостоянка', 'Казань', '2016-06-16 17:34:03', 2956016537010589),
(466, 'gusman_ooo_avtostoyanka', 'Гусман, ООО, автостоянка', 'Казань', '2016-06-16 17:34:03', 2956015537032219),
(467, 'aida_ooo_avtostoyanka', 'Аида, ООО, автостоянка', 'Казань', '2016-06-16 17:34:04', 2956015537032220),
(468, 'avtostoyanka', 'Автостоянка', 'Казань', '2016-06-16 17:34:04', 2956015537134068),
(469, 'tart_ooo_avtostoyanka', 'Тарт, ООО, автостоянка', 'Казань', '2016-06-16 17:34:04', 2956015537155172),
(470, 'avtostoyanka', 'Автостоянка', 'Казань', '2016-06-16 17:34:04', 2956015537174828),
(471, 'avtostoyanka', 'Автостоянка', 'Казань', '2016-06-16 17:34:04', 2956016536561077),
(472, 'avtostoyanka', 'Автостоянка', 'Казань', '2016-06-16 17:34:04', 2956016536562991),
(473, 'avtostoyanka', 'Автостоянка', 'Казань', '2016-06-16 17:34:04', 2956016536580440),
(474, 'avtostoyanka', 'Автостоянка', 'Казань', '2016-06-16 17:34:04', 70000001022617332),
(475, 'avtostoyanka_ip_desyatnikov_a_s', 'Автостоянка, ИП Десятников А.С.', 'Казань', '2016-06-16 17:34:04', 2956015537032222),
(476, 'avtostoyanka', 'Автостоянка', 'Казань', '2016-06-16 17:34:04', 2956015537178554),
(477, 'avtostoyanka', 'Автостоянка', 'Казань', '2016-06-16 17:34:04', 2956016536589278),
(478, 'avtostoyanka_ip_gimadtudinova_d_kh', 'Автостоянка, ИП Гимадтудинова Д.Х.', 'Казань', '2016-06-16 17:34:04', 2956015537123694),
(479, 'avtostoyanka', 'Автостоянка', 'Казань', '2016-06-16 17:34:04', 2956015537177956),
(480, 'avtostoyanka', 'Автостоянка', 'Казань', '2016-06-16 17:34:04', 2956015537246225),
(481, 'avtostoyanka', 'Автостоянка', 'Казань', '2016-06-16 17:34:04', 70000001006340361),
(482, 'avtostoyanka', 'Автостоянка', 'Казань', '2016-06-16 17:34:04', 2956015537182141),
(483, 'avtostoyanka', 'Автостоянка', 'Казань', '2016-06-16 17:34:04', 2956015537192268),
(484, 'avtostoyanka', 'Автостоянка', 'Казань', '2016-06-16 17:34:04', 2956016536585340),
(485, 'avtostoyanka', 'Автостоянка', 'Казань', '2016-06-16 17:34:04', 2956015537253525),
(486, 'avtostoyanka_ip_desyatnikov_m_m', 'Автостоянка, ИП Десятников М.М.', 'Казань', '2016-06-16 17:34:05', 2956015536894159),
(487, 'avtostoyanka', 'Автостоянка', 'Волжск (Марий Эл респ.)', '2016-06-16 17:34:05', 70000001018317236),
(488, 'avtostoyanka', 'Автостоянка', 'Казань', '2016-06-16 17:34:05', 2956015537253518),
(489, 'avtostoyanka', 'Автостоянка', 'Казань', '2016-06-16 17:34:05', 70000001019924512),
(490, 'avtostoyanka', 'Автостоянка', 'Казань', '2016-06-16 17:34:05', 2956015537245058),
(491, 'avtostoyanka', 'Автостоянка', 'Казань', '2016-06-16 17:34:05', 2956015537245076),
(492, 'avtostoyanka', 'Автостоянка', 'Казань', '2016-06-16 17:34:05', 70000001020576203),
(493, 'avtostoyanka', 'Автостоянка', 'Казань', '2016-06-16 17:34:05', 70000001021130559),
(494, 'rinavto_ooo_avtostoyanka', 'РинАвто, ООО, автостоянка', 'Казань', '2016-06-16 17:34:05', 2956015537042253),
(495, 'ehlavto_ooo_avtostoyanka', 'ЭльАвто, ООО, автостоянка', 'Казань', '2016-06-16 17:34:05', 2956015537042254),
(496, 'avtostoyanka', 'Автостоянка', 'Казань', '2016-06-16 17:34:05', 2956016537052270),
(497, 'avtostoyanka', 'Автостоянка', 'Казань', '2016-06-16 17:34:05', 2956015537253500),
(498, 'avtostoyanka', 'Автостоянка', 'Казань', '2016-06-16 17:34:05', 2956016537097391),
(499, 'parkovka_vakhitovskijj_rajjon', 'Парковка, Вахитовский район', 'Казань', '2016-06-16 17:34:06', 70000001020430574),
(500, 'avtostoyanka', 'Автостоянка', 'Казань', '2016-06-16 17:34:06', 70000001022158850),
(501, 'avtostoyanka', 'Автостоянка', 'Казань', '2016-06-16 17:34:06', 2956015537173861),
(502, 'avtostoyanka', 'Автостоянка', 'Казань', '2016-06-16 17:34:06', 2956015537172990),
(503, 'platnaya_parkovka_privolzhskijj_rajjon', 'Платная парковка, Приволжский район', 'Казань', '2016-06-16 17:34:06', 2956016536575620),
(504, 'avtostoyanka', 'Автостоянка', 'Казань', '2016-06-16 17:34:06', 2956015537172999),
(505, 'avtostoyanka', 'Автостоянка', 'Татарское Бурнашево', '2016-06-16 17:34:06', 2956015537230972),
(506, 'nova_s_ooo_avtostoyanka', 'Нова-С, ООО, автостоянка', 'Казань', '2016-06-16 17:34:06', 2956015536867808),
(507, 'avtostoyanka', 'Автостоянка', 'Казань', '2016-06-16 17:34:06', 2956016537049859),
(508, 'avtostoyanka', 'Автостоянка', 'Казань', '2016-06-16 17:34:06', 70000001021430923),
(509, 'avtostoyanka', 'Автостоянка', 'Казань', '2016-06-16 17:34:06', 70000001023259187),
(510, 'shaturskaya_avtostoyanka', 'Шатурская, автостоянка', 'Казань', '2016-06-16 17:34:06', 2956015536991275),
(511, 'avtostoyanka_voa', 'Автостоянка, ВОА', 'Зеленодольск', '2016-06-16 17:34:07', 2956015536638283),
(512, 'renal_ooo_avtostoyanka', 'Реналь, ООО, автостоянка', 'Казань', '2016-06-16 17:34:07', 2956015537034282),
(513, 'avtostoyanka', 'Автостоянка', 'Казань', '2016-06-16 17:34:07', 2956016537028036),
(514, 'avtostoyanka', 'Автостоянка', 'Казань', '2016-06-16 17:34:07', 70000001022921072),
(515, 'avtostoyanka', 'Автостоянка', 'Казань', '2016-06-16 17:34:07', 2956015537173839),
(516, 'platnaya_parkovka_novo_savinovskijj_rajjon', 'Платная парковка, Ново-Савиновский район', 'Казань', '2016-06-16 17:34:07', 70000001017312960),
(517, 'avtostoyanka', 'Автостоянка', 'Казань', '2016-06-16 17:34:07', 2956015537173674),
(518, 'avtostoyanka', 'Автостоянка', 'Зеленодольск', '2016-06-16 17:34:07', 2956015537160372),
(519, 'avtostoyanka', 'Автостоянка', 'Зеленодольск', '2016-06-16 17:34:07', 2956015537160373),
(520, 'avtostoyanka', 'Автостоянка', 'Зеленодольск', '2016-06-16 17:34:07', 2956015537160121),
(521, 'rapit_ooo_avtostoyanka', 'Рапит, ООО, автостоянка', 'Зеленодольск', '2016-06-16 17:34:07', 2956015537089641),
(522, 'avtostoyanka', 'Автостоянка', 'Зеленодольск', '2016-06-16 17:34:07', 2956015537197316),
(523, 'garant_ooo_avtostoyanka', 'Гарант, ООО, автостоянка', 'Зеленодольск', '2016-06-16 17:34:07', 2956015536836002),
(524, 'avtostoyanka', 'Автостоянка', 'Волжск (Марий Эл респ.)', '2016-06-16 17:34:07', 2956015537160376),
(525, 'bekar_ooo_avtostoyanka', 'Бекар, ООО, автостоянка', 'Волжск (Марий Эл респ.)', '2016-06-16 17:34:07', 2956015537105002),
(526, 'avtostoyanka', 'Автостоянка', 'Волжск (Марий Эл респ.)', '2016-06-16 17:34:07', 2956015537194152),
(527, 'avtostoyanka', 'Автостоянка', 'Волжск (Марий Эл респ.)', '2016-06-16 17:34:08', 2956016536676164),
(528, 'avtostoyanka', 'Автостоянка', 'Волжск (Марий Эл респ.)', '2016-06-16 17:34:08', 2956015537182214),
(529, 'parkovka_vakhitovskijj_rajjon', 'Парковка, Вахитовский район', 'Казань', '2016-06-16 17:34:08', 2956016536575616),
(530, 'platnaya_parkovka_privolzhskijj_rajjon', 'Платная парковка, Приволжский район', 'Казань', '2016-06-16 17:34:08', 2956016536575621),
(531, 'parkovka_vakhitovskijj_rajjon', 'Парковка, Вахитовский район', 'Казань', '2016-06-16 17:34:08', 2956016536575615),
(532, 'platnaya_parkovka_privolzhskijj_rajjon', 'Платная парковка, Приволжский район', 'Казань', '2016-06-16 17:34:08', 70000001018580019),
(533, 'platnaya_parkovka_privolzhskijj_rajjon', 'Платная парковка, Приволжский район', 'Казань', '2016-06-16 17:34:08', 70000001018580030);

-- --------------------------------------------------------

--
-- Структура таблицы `zf_gparser_sub_category`
--

CREATE TABLE IF NOT EXISTS `zf_gparser_sub_category` (
  `id_gparser_sub_category` int(11) NOT NULL,
  `id_gparser_category` int(11) NOT NULL,
  `category_name` varchar(255) NOT NULL,
  `category_external_id` bigint(11) NOT NULL
) ENGINE=InnoDB AUTO_INCREMENT=1027 DEFAULT CHARSET=utf8;

--
-- Дамп данных таблицы `zf_gparser_sub_category`
--

INSERT INTO `zf_gparser_sub_category` (`id_gparser_sub_category`, `id_gparser_category`, `category_name`, `category_external_id`) VALUES
(1, 2147483647, 'Аварийные службы', 1126020165927034),
(2, 2147483647, 'Пожарная охрана', 1126020165927055),
(3, 2147483647, 'Службы спасения / экстренного вызова', 1126020165928556),
(4, 2147483647, 'Ликвидация нефтеразливов / газонефтеводопроявлений', 1126020165986420),
(5, 2147483647, 'Штрафстоянки', 1126020165945217),
(6, 2147483647, 'Эвакуация автомобилей', 1126020165936779),
(7, 2147483647, 'Службы аварийных комиссаров', 1126020165943094),
(8, 2147483647, 'Телефоны доверия', 1126020165927629),
(9, 2147483647, 'Скорая медицинская помощь', 1126020165927139),
(10, 2147483647, 'Справочно-информационные услуги', 1126020165927063),
(11, 2147483647, 'Управление ГО и ЧС', 1126020165927619),
(12, 2147483647, 'Газовое оборудование для автотранспорта', 1126020165927349),
(13, 2147483647, 'Специализированное автооборудование', 1126020165927345),
(14, 2147483647, 'Ремонт топливной аппаратуры дизельных двигателей', 1126020165943560),
(15, 2147483647, 'Автомасла / Мотомасла / Химия', 1126020165927338),
(16, 2147483647, 'Ремонт грузовых автомобилей', 1126020165947901),
(17, 2147483647, 'Авторемонт и техобслуживание (СТО)', 1126020165935953),
(18, 2147483647, 'Ремонт дизельных двигателей', 1126020165934606),
(19, 2147483647, 'Технический осмотр транспорта', 1126020165931444),
(20, 2147483647, 'Автозапчасти для грузовых автомобилей', 1126020165928053),
(21, 2147483647, 'Автозапчасти для отечественных автомобилей', 1126020165928052),
(22, 2147483647, 'Компьютерная диагностика автомобилей', 1126020166037274),
(23, 2147483647, 'Автостекло', 1126020165927589),
(24, 2147483647, 'Автозапчасти для иномарок', 1126020165927342),
(25, 2147483647, 'Автоаксессуары', 1126020165927337),
(26, 2147483647, 'Автосигнализации', 1126020165927320),
(27, 2147483647, 'Запчасти для спецтехники', 1126020165935378),
(28, 2147483647, 'Ремонт ходовой части автомобиля', 1126020165934603),
(29, 2147483647, 'Автомобильные аккумуляторы', 1126020165927436),
(30, 2147483647, 'Ремонт электронных систем управления автомобиля', 1126020165937324),
(31, 2147483647, 'Запчасти к сельхозтехнике', 1126020165930149),
(32, 2147483647, 'Шиномонтаж', 1126020165934601),
(33, 2147483647, 'Установка / ремонт автостёкол', 1126020165937704),
(34, 2147483647, 'Контрактные автозапчасти', 1126020165927437),
(35, 2147483647, 'Ремонт бензиновых двигателей', 1126020165934607),
(36, 2147483647, 'Шины / Диски', 1126020165927339),
(37, 2147483647, 'Тонирование автостёкол', 1126020165927325),
(38, 2147483647, 'Тюнинг', 1126020165927326),
(39, 2147483647, 'Антикоррозийная обработка автомобилей', 1126020165927322),
(40, 2147483647, 'Ремонт выхлопных систем', 1126020165979320),
(41, 2147483647, 'Ремонт спецтехники', 1126020165934669),
(42, 2147483647, 'Автозаправочные станции (АЗС)', 1126020165945459),
(43, 2147483647, 'Тахографы', 1126020166037284),
(44, 2147483647, 'Светоотражающие материалы / изделия', 1126020165984276),
(45, 2147483647, 'Аэрография на транспорте', 1126020165951726),
(46, 2147483647, 'Автостоянки', 1126020165927321),
(47, 2147483647, 'Ремонт МКПП', 1126020166037275),
(48, 2147483647, 'Ремонт автобусов', 1126020166037276),
(49, 2147483647, 'Аппаратная замена масла', 1126020165934812),
(50, 2147483647, 'Запчасти для общественного транспорта', 1126020165940073),
(51, 2147483647, 'Автозвук', 1126020165927316),
(52, 2147483647, 'Топливные карты', 1126020165981370),
(53, 2147483647, 'Кузовной ремонт', 1126020165934605),
(54, 2147483647, 'Запчасти для мототехники', 1126020166037214),
(55, 2147483647, 'Детейлинг', 1126020166037213),
(56, 2147483647, 'Автоэмали', 1126020165927557),
(57, 2147483647, 'Ремонт / тюнинг мототехники', 1126020165945542),
(58, 2147483647, 'Услуги авторазбора', 1126020165927318),
(59, 2147483647, 'Ремонт АКПП', 1126020165927324),
(60, 2147483647, 'Переоборудование автомобилей', 1126020166037278),
(61, 2147483647, 'Пошив авточехлов / автоковров', 1126020165997076),
(62, 2147483647, 'Ремонт автоэлектрики', 1126020165934604),
(63, 2147483647, 'Ремонт / заправка автокондиционеров', 1126020165934609),
(64, 2147483647, 'Ремонт карбюраторов / инжекторов', 1126020165934611),
(65, 2147483647, 'Автомойки', 1126020165927317),
(66, 2147483647, 'Развал / Схождение', 1126020165934602),
(67, 2147483647, 'Законодательная власть', 1126020165927033),
(68, 2147483647, 'Исправительные учреждения', 1126020165927052),
(69, 2147483647, 'Приёмные Уполномоченных по правам человека', 1126020165986422),
(70, 2147483647, 'ОМВД / УМВД / ГУМВД / МВД', 1126020165978161),
(71, 2147483647, 'Отделения полиции', 1126020165978158),
(72, 2147483647, 'Отделы ветеринарно-санитарного контроля', 1126020165927644),
(73, 2147483647, 'Социальные службы', 1126020165927432),
(74, 2147483647, 'Судебная экспертиза', 1126020165927066),
(75, 2147483647, 'Администрации районов / округов городской власти', 1126020165927028),
(76, 2147483647, 'Администрации поселений', 1126020165977447),
(77, 2147483647, 'Гидрометеослужба', 1126020165927163),
(78, 2147483647, 'Политические организации', 1126020165927165),
(79, 2147483647, 'Налоговые инспекции', 1126020165927044),
(80, 2147483647, 'Изоляторы временного содержания / Спецприёмники', 1126020165951264),
(81, 2147483647, 'Пенсионные фонды', 1126020165928105),
(82, 2147483647, 'Следственный комитет', 1126020165942235),
(83, 2147483647, 'Приёмные депутатов', 1126020165951601),
(84, 2147483647, 'Инспекции', 1126020165927043),
(85, 2147483647, 'Федеральные миграционные службы', 1126020165935375),
(86, 2147483647, 'Администрация города / городского округа', 1126020165997426),
(87, 2147483647, 'Службы мелиорации земель', 1126020166037336),
(88, 2147483647, 'Организации природоохраны', 1126020165927164),
(89, 2147483647, 'Нотариальные палаты', 1126020165980962),
(90, 2147483647, 'МФЦ', 1126020165980417),
(91, 2147483647, 'Военная комендатура', 1126020165927451),
(92, 2147483647, 'Федеральные казначейства', 1126020165927839),
(93, 2147483647, 'Службы судебных приставов', 1126020165927058),
(94, 2147483647, 'Федеральные службы', 1126020165927032),
(95, 2147483647, 'Государственные архивы', 1126020165945451),
(96, 2147483647, 'Общественные организации', 1126020165927162),
(97, 2147483647, 'Участковые пункты полиции', 1126020165980156),
(98, 2147483647, 'Суды', 1126020165927065),
(99, 2147483647, 'Дома ребёнка', 1126020165927150),
(100, 2147483647, 'Военные комиссариаты', 1126020165927048),
(101, 2147483647, 'Органы государственного надзора', 1126020165927045),
(102, 2147483647, 'ЗАГСы', 1126020165927050),
(103, 2147483647, 'Фонд обязательного медицинского страхования', 1126020165937703),
(104, 2147483647, 'Администрации районов / округов региональной власти', 1126020165977554),
(105, 2147483647, 'Дома престарелых', 1126020165927593),
(106, 2147483647, 'Фонды социального страхования', 1126020165928106),
(107, 2147483647, 'Благотворительные фонды', 1126020165927406),
(108, 2147483647, 'ГИБДД', 1126020165927049),
(109, 2147483647, 'Администрация области / края', 1126020165998094),
(110, 2147483647, 'Избирательные комиссии', 1126020165978264),
(111, 2147483647, 'Службы занятости населения', 1126020165927239),
(112, 2147483647, 'Детские дома / Приюты', 1126020165927148),
(113, 2147483647, 'Прокуратура', 1126020165927056),
(114, 2147483647, 'Таможня', 1126020165927059),
(115, 2147483647, 'Посольства / Консульства', 1126020165927041),
(116, 2147483647, 'Караоке-залы', 1126020165948299),
(117, 2147483647, 'Услуги фото / видеосъёмки на выезде', 1126020165949291),
(118, 2147483647, 'Продажа билетов на спортивные / культурно-развлекательные мероприятия', 1126020165948409),
(119, 2147483647, 'Творческие коллективы', 1126020165942619),
(120, 2147483647, 'Детские / подростковые клубы', 1126020165940701),
(121, 2147483647, 'Услуги праздничного оформления', 1126020165936132),
(122, 2147483647, 'Доставка готовых блюд', 1126020165928115),
(123, 2147483647, 'Организация театральных / концертных мероприятий', 1126020165934244),
(124, 2147483647, 'Организация и проведение праздников', 1126020165927542),
(125, 2147483647, 'Организация и проведение квестов', 1126020166037212),
(126, 2147483647, 'Детские игровые залы / Игротеки', 1126020165943655),
(127, 2147483647, 'Фреш-бары / Точки безалкогольных коктейлей / горячих напитков', 1126020165985783),
(128, 2147483647, 'Суши-бары / рестораны', 1126020165942703),
(129, 2147483647, 'Продажа лотерейных билетов', 1126020165951416),
(130, 2147483647, 'Ночные клубы', 1126020165927085),
(131, 2147483647, 'Фотокабины / Инстапринтеры', 1126020166037303),
(132, 2147483647, 'Антикафе', 1126020165999282),
(133, 2147483647, 'Кафе-кондитерские / Кофейни', 1126020165927074),
(134, 2147483647, 'Центры паровых коктейлей', 1126020166037269),
(135, 2147483647, 'Бильярдные залы', 1126020165927081),
(136, 2147483647, 'Столовые', 1126020165927078),
(137, 2147483647, 'Салюты', 1126020165927086),
(138, 2147483647, 'Дома / дворцы культуры', 1126020165940699),
(139, 2147483647, 'Пиццерии', 1126020165978371),
(140, 2147483647, 'Кейтеринг', 1126020165936698),
(141, 2147483647, 'Киноаттракционы', 1126020166028956),
(142, 2147483647, 'Кулинария', 1126020165943589),
(143, 2147483647, 'Чайные клубы', 1126020166037229),
(144, 2147483647, 'Спортивно-тактические клубы', 1126020165927720),
(145, 2147483647, 'Букмекерские конторы / Лотереи', 1126020165927083),
(146, 2147483647, 'Кафе / рестораны быстрого питания', 1126020165927077),
(147, 2147483647, 'Аквапарки / Водные аттракционы', 1126020165927449),
(148, 2147483647, 'Верёвочные парки', 1126020166037216),
(149, 2147483647, 'Аренда беседок', 1126020166037217),
(150, 2147483647, 'Научно-развлекательные центры', 1126020166037257),
(151, 2147483647, 'Боулинг', 1126020165927082),
(152, 2147483647, 'Рестораны', 1126020165927076),
(153, 2147483647, 'Бани / Сауны', 1126020165927858),
(154, 2147483647, 'Цирк', 1126020165927597),
(155, 2147483647, 'Культурно-досуговые центры для взрослых', 1126020165941879),
(156, 2147483647, 'Кинотеатры', 1126020165927104),
(157, 2147483647, 'Аттракционы / Парки аттракционов', 1126020166037270),
(158, 2147483647, 'Организация экскурсий по городу', 1126020165936193),
(159, 2147483647, 'Кафе', 1126020165927073),
(160, 2147483647, 'Аэросъёмка', 1126020166037296),
(161, 2147483647, 'Банкетные залы', 1126020165937715),
(162, 2147483647, 'Стрелковые клубы', 1126020165933417),
(163, 2147483647, 'Бары', 1126020165927071),
(164, 2147483647, 'Офисные АТС', 1126020165927431),
(165, 2147483647, 'Виртуальные туры', 1126020166037294),
(166, 2147483647, 'Продажа программного обеспечения', 1126020165927100),
(167, 2147483647, 'Антенное оборудование', 1126020165927347),
(168, 2147483647, 'Строительство / проектирование объектов связи', 1126020165927618),
(169, 2147483647, 'Разработка программного обеспечения для мобильных устройств', 1126020165978667),
(170, 2147483647, 'Ремонт мобильных устройств связи', 1126020165927579),
(171, 2147483647, 'Аксессуары к мобильным телефонам', 1126020165927556),
(172, 2147483647, 'Автоматизация бизнес-процессов', 1126020165927439),
(173, 2147483647, 'Разработка / поддержка / продвижение web-сайтов', 1126020165927087),
(174, 2147483647, 'Отделения электросвязи', 1126020165927248),
(175, 2147483647, 'Монтаж / обслуживание антенного оборудования', 1126020165935107),
(176, 2147483647, 'Бухгалтерские программы', 1126020165927098),
(177, 2147483647, 'Спутниковая связь', 1126020165928010),
(178, 2147483647, 'Операторы сотовой связи', 1126020165927249),
(179, 2147483647, 'Коммутационное оборудование', 1126020165931297),
(180, 2147483647, 'Государственные информационные сайты', 1126020165979027),
(181, 2147483647, 'Автоматизация предприятий общественного питания', 1126020166030955),
(182, 2147483647, 'Информационная безопасность', 1126020165927099),
(183, 2147483647, 'Интернет-провайдеры', 1126020165927088),
(184, 2147483647, 'Автоматизация торговли', 1126020165928147),
(185, 2147483647, 'Запчасти к мобильным телефонам', 1126020166037306),
(186, 2147483647, 'Мобильные телефоны', 1126020165927555),
(187, 2147483647, 'Системы мониторинга транспорта', 1126020165942528),
(188, 2147483647, 'Компьютерные клубы', 1126020165927090),
(189, 2147483647, 'Почтовые отделения', 1126020165927247),
(190, 2147483647, 'Средства радиосвязи', 1126020165927552),
(191, 2147483647, 'Операторы кабельного телевидения', 1126020165937446),
(192, 2147483647, 'Продажа электронных подписей', 1126020165977284),
(193, 2147483647, 'Услуги телефонной связи', 1126020165927091),
(194, 2147483647, 'IP-телефония', 1126020165927558),
(195, 2147483647, 'Телефоны / Радиотелефоны', 1126020165927299),
(196, 2147483647, 'Автоматизация производственных процессов', 1126020165927240),
(197, 2147483647, 'Навигационное оборудование', 1126020165934574),
(198, 2147483647, 'Хостинг', 1126020165932662),
(199, 2147483647, 'Монтаж телефонных сетей', 1126020165930130),
(200, 2147483647, 'Городские информационные сайты', 1126020165932752),
(201, 2147483647, 'Сайты объявлений', 1126020165952102),
(202, 2147483647, 'Правовые программы', 1126020165931368),
(203, 2147483647, 'Фотоцентры', 1126020165927944),
(204, 2147483647, 'Ателье трикотажные', 1126020165927213),
(205, 2147483647, 'Пункты приёма платежей / Расчётные центры коммунальных услуг', 1126020165946528),
(206, 2147483647, 'Помощь в организации похорон', 1126020165927236),
(207, 2147483647, 'Подъёмные грузовые / пассажирские устройства', 1126020165927040),
(208, 2147483647, 'Услуги вышивки', 1126020165942702),
(209, 2147483647, 'Жилищно-коммунальные услуги', 1126020165927670),
(210, 2147483647, 'Профессиональная уборка', 1126020165927621),
(211, 2147483647, 'Обслуживание выгребных ям', 1126020165985530),
(212, 2147483647, 'Дезинфекция / Дератизация / Дезинсекция', 1126020165927482),
(213, 2147483647, 'Ателье швейные', 1126020165927214),
(214, 2147483647, 'Техобслуживание теплоэнергосетей', 1126020165927039),
(215, 2147483647, 'Благоустройство улиц', 1126020165927035),
(216, 2147483647, 'Ателье меховые / кожаные', 1126020165927212),
(217, 2147483647, 'Поверка / калибровка измерительных приборов', 1126020166037283),
(218, 2147483647, 'Теплоснабжение / Энергоснабжение / Водоснабжение', 1126020166026171),
(219, 2147483647, 'Автоматизированные почтовые терминалы / Постаматы', 1126020166022496),
(220, 2147483647, 'Химчистки одежды / текстиля', 1126020165927225),
(221, 2147483647, 'Чистка / реставрация пухо-перьевых изделий', 1126020165936473),
(222, 2147483647, 'Изготовление ключей', 1126020165943522),
(223, 2147483647, 'Службы знакомств', 1126020165927069),
(224, 2147483647, 'Общежития', 1126020165927183),
(225, 2147483647, 'Платёжные терминалы', 1126020166035599),
(226, 2147483647, 'Прачечные', 1126020165927925),
(227, 2147483647, 'Мастерские / киоски по ремонту одежды', 1126020165983073),
(228, 2147483647, 'Вскрытие / обслуживание замков, дверей', 1126020165977778),
(229, 2147483647, 'Домашний персонал', 1126020165927223),
(230, 2147483647, 'Ремонт часов', 1126020165927220),
(231, 2147483647, 'ГРЭС / КЭС / ТЭЦ', 1126020165927585),
(232, 2147483647, 'Памятники / Ритуальные принадлежности', 1126020165927237),
(233, 2147483647, 'Обслуживание внутридомового газового оборудования', 1126020165951309),
(234, 2147483647, 'Кладбища', 1126020165927235),
(235, 2147483647, 'Ремонт очков', 1126020165994280),
(236, 2147483647, 'Фото на документы', 1126020165927224),
(237, 2147483647, 'Ремонт аудио / видео / цифровой техники', 1126020165927873),
(238, 2147483647, 'Музыкальные инструменты / Аксессуары', 1126020165931396),
(239, 2147483647, 'Расходные материалы для оргтехники', 1126020165931332),
(240, 2147483647, 'Сетевое оборудование', 1126020165931295),
(241, 2147483647, 'Услуги системного администрирования', 1126020165927833),
(242, 2147483647, 'Ремонт / установка бытовой техники', 1126020165927218),
(243, 2147483647, 'Монтаж компьютерных сетей', 1126020165930110),
(244, 2147483647, 'Компьютеры / Комплектующие', 1126020165927093),
(245, 2147483647, 'Бытовая техника', 1126020165927291),
(246, 2147483647, 'Оргтехника', 1126020165927097),
(247, 2147483647, 'Ремонт компьютеров', 1126020165927562),
(248, 2147483647, 'Аудиотехника / Видеотехника', 1126020165927423),
(249, 2147483647, 'Продажа / обслуживание кулеров для воды', 1126020165949282),
(250, 2147483647, 'Модернизация компьютеров', 1126020165927094),
(251, 2147483647, 'Запчасти / аксессуары для бытовой техники', 1126020165977783),
(252, 2147483647, 'CD / DVD / BD', 1126020165927289),
(253, 2147483647, 'Фототовары', 1126020165927300),
(254, 2147483647, 'Ремонт оргтехники', 1126020165927540),
(255, 2147483647, 'Кофемашины', 1126020165936541),
(256, 2147483647, 'Прокат оборудования для фотосъёмки / видеосъёмки', 1126020166037297),
(257, 2147483647, 'Заправка картриджей', 1126020165931330),
(258, 2147483647, 'Паломнические поездки', 1126020165979098),
(259, 2147483647, 'Художественные товары / материалы', 1126020165927427),
(260, 2147483647, 'Антиквариат', 1126020165927598),
(261, 2147483647, 'Художественные мастерские', 1126020165927428),
(262, 2147483647, 'Реставрация памятников истории и культуры', 1126020165978291),
(263, 2147483647, 'Театры', 1126020165927111),
(264, 2147483647, 'Художественные выставки / Галереи', 1126020165927102),
(265, 2147483647, 'Религиозные товары', 1126020165939161),
(266, 2147483647, 'Мечети', 1126020165940286),
(267, 2147483647, 'Синагога', 1126020165980975),
(268, 2147483647, 'Часовни', 1126020165946489),
(269, 2147483647, 'Музеи', 1126020165927105),
(270, 2147483647, 'Кинопрокатные компании', 1126020165978238),
(271, 2147483647, 'Религиозные организации', 1126020165928087),
(272, 2147483647, 'Планетарий', 1126020165938559),
(273, 2147483647, 'Храмы / Соборы / Церкви', 1126020165927106),
(274, 2147483647, 'Подвеска / Подсветка для картин', 1126020166037273),
(275, 2147483647, 'Монастыри', 1126020165946487),
(276, 2147483647, 'Филармония', 1126020165927112),
(277, 2147483647, 'Приходы', 1126020165946488),
(278, 2147483647, 'Библиотеки', 1126020165927101),
(279, 2147483647, 'Матрасы', 1126020165943526),
(280, 2147483647, 'Мебель для предприятий общественного питания', 1126020165927719),
(281, 2147483647, 'Металлическая мебель для помещений', 1126020165943111),
(282, 2147483647, 'Садово-парковая мебель / Аксессуары', 1126020165931409),
(283, 2147483647, 'Мебель для медицинских учреждений и лабораторий', 1126020165927435),
(284, 2147483647, 'Мебельная фурнитура', 1126020165927263),
(285, 2147483647, 'Изделия из камня для помещений', 1126020165976979),
(286, 2147483647, 'Изготовление мебели под заказ', 1126020165927501),
(287, 2147483647, 'Бескаркасная мебель', 1126020165980028),
(288, 2147483647, 'Ремонт / реставрация мебели', 1126020165946895),
(289, 2147483647, 'Мебель для кухни', 1126020165927486),
(290, 2147483647, 'Мебель для учебных и дошкольных учреждений', 1126020165927610),
(291, 2147483647, 'Мягкая мебель', 1126020165927485),
(292, 2147483647, 'Офисная мебель', 1126020165927264),
(293, 2147483647, 'Плетёная мебель / изделия', 1126020165927698),
(294, 2147483647, 'Корпусная мебель', 1126020165927487),
(295, 2147483647, 'Мебель для культурно-досуговых учреждений', 1126020165979966),
(296, 2147483647, 'Мебель для ванных комнат', 1126020165927505),
(297, 2147483647, 'Мебель из стекла', 1126020165928040),
(298, 2147483647, 'Мебельные фасады', 1126020165927685),
(299, 2147483647, 'Детская мебель', 1126020165937478),
(300, 2147483647, 'Сейфы', 1126020165936014),
(301, 2147483647, 'Мебельные ткани', 1126020165927697),
(302, 2147483647, 'ЛДСП / ДВПО / МДФ', 1126020165927689),
(303, 2147483647, 'Лекарственные препараты', 1126020165927121),
(304, 2147483647, 'Услуги терапевта', 1126020166037252),
(305, 2147483647, 'Ногтевые студии', 1126020165932515),
(306, 2147483647, 'Услуги гинеколога', 1126020165931429),
(307, 2147483647, 'Услуги физиотерапевта', 1126020165980372),
(308, 2147483647, 'Медицинские расходные материалы', 1126020165927570),
(309, 2147483647, 'Биологически активные добавки (БАД)', 1126020165927120),
(310, 2147483647, 'Ремонт медицинского оборудования / инструментов', 1126020165978374),
(311, 2147483647, 'Медицинские комиссии', 1126020165947769),
(312, 2147483647, 'Услуги аллерголога / иммунолога', 1126020165943788),
(313, 2147483647, 'Услуги детских специалистов', 1126020165943775),
(314, 2147483647, 'Косметика / расходные материалы для салонов красоты', 1126020165940014),
(315, 2147483647, 'Лечение ЛОР-заболеваний', 1126020165931449),
(316, 2147483647, 'Психологическая помощь в избавлении от зависимостей', 1126020165931421),
(317, 2147483647, 'Центры планирования семьи', 1126020165927135),
(318, 2147483647, 'Офтальмологическая хирургия', 1126020166037253),
(319, 2147483647, 'Услуги психолога', 1126020165927133),
(320, 2147483647, 'Услуги массажиста', 1126020165940638),
(321, 2147483647, 'Протезные / ортопедические товары', 1126020165936734),
(322, 2147483647, 'Стоматологические поликлиники', 1126020165927138),
(323, 2147483647, 'Фельдшерско-акушерские пункты', 1126020165945322),
(324, 2147483647, 'Диспансеры', 1126020165927118),
(325, 2147483647, 'Студии загара', 1126020165927563),
(326, 2147483647, 'Средства гигиены', 1126020165927571),
(327, 2147483647, 'Услуги уролога / андролога', 1126020165931431),
(328, 2147483647, 'Услуги росписи по телу', 1126020165994054),
(329, 2147483647, 'Услуги дерматовенеролога', 1126020165931430),
(330, 2147483647, 'Пластическая хирургия', 1126020165927131),
(331, 2147483647, 'SPA-процедуры', 1126020165983671),
(332, 2147483647, 'Центры альтернативной медицины', 1126020165936868),
(333, 2147483647, 'Услуги гастроэнтеролога', 1126020165943776),
(334, 2147483647, 'Стоматологическое оборудование / материалы', 1126020165927554),
(335, 2147483647, 'Услуги трихолога', 1126020165943778),
(336, 2147483647, 'Центры мануальной терапии', 1126020165931442),
(337, 2147483647, 'Услуги офтальмолога', 1126020165927130),
(338, 2147483647, 'Парикмахерские', 1126020165927217),
(339, 2147483647, 'Косметика / Парфюмерия', 1126020165927294),
(340, 2147483647, 'Медицинское оборудование / инструмент', 1126020165927360),
(341, 2147483647, 'Диагностические центры', 1126020165927573),
(342, 2147483647, 'Услуги онколога', 1126020165982976),
(343, 2147483647, 'Массажное оборудование / приборы', 1126020166028913),
(344, 2147483647, 'Услуги по уходу за ресницами / бровями', 1126020166037267),
(345, 2147483647, 'Санитарно-эпидемиологический надзор', 1126020165927127),
(346, 2147483647, 'Услуги логопеда', 1126020165937358),
(347, 2147483647, 'Женские консультации', 1126020165927561),
(348, 2147483647, 'Бюро медико-социальной экспертизы', 1126020165927124),
(349, 2147483647, 'Многопрофильные медицинские центры', 1126020165931433),
(350, 2147483647, 'Косметические услуги', 1126020165927564),
(351, 2147483647, 'Детские поликлиники', 1126020165927137),
(352, 2147483647, 'Психиатрические учреждения', 1126020165951987),
(353, 2147483647, 'Услуги кардиолога', 1126020165940547),
(354, 2147483647, 'Ортопедия и травматология', 1126020165943782),
(355, 2147483647, 'Реабилитационные центры', 1126020165942278),
(356, 2147483647, 'Услуги психотерапевта', 1126020165976759),
(357, 2147483647, 'Школы для будущих мам', 1126020165937047),
(358, 2147483647, 'Медицинские приборы / аппараты', 1126020165927572),
(359, 2147483647, 'Медицинские лаборатории', 1126020165939123),
(360, 2147483647, 'Услуги хирурга', 1126020166026136),
(361, 2147483647, 'Стоматологические центры', 1126020165927134),
(362, 2147483647, 'Аптеки', 1126020165927119),
(363, 2147483647, 'Центры борьбы со СПИДом', 1126020165946497),
(364, 2147483647, 'Услуги имидж-консультанта', 1126020165947077),
(365, 2147483647, 'Центры диетологии / нутрициологии', 1126020165946549),
(366, 2147483647, 'Травмпункты', 1126020165927141),
(367, 2147483647, 'Услуги врача-гомеопата', 1126020165927129),
(368, 2147483647, 'Услуги флеболога', 1126020165943779),
(369, 2147483647, 'Взрослые поликлиники', 1126020165927136),
(370, 2147483647, 'Тонизирующие салоны', 1126020165940509),
(371, 2147483647, 'Станции переливания крови', 1126020165927128),
(372, 2147483647, 'Косметика ручной работы', 1126020165980898),
(373, 2147483647, 'Услуги рефлексотерапевта', 1126020165980087),
(374, 2147483647, 'Услуги невролога', 1126020165931441),
(375, 2147483647, 'Психолого-медико-педагогические комиссии', 1126020165983596),
(376, 2147483647, 'Услуги эндокринолога', 1126020165931446),
(377, 2147483647, 'Фитопродукция', 1126020165937816),
(378, 2147483647, 'Услуги проктолога', 1126020165943781),
(379, 2147483647, 'Санатории / Профилактории', 1126020165927126),
(380, 2147483647, 'Врачебные амбулатории', 1126020165950677),
(381, 2147483647, 'Оптика', 1126020165927122),
(382, 2147483647, 'Контактные линзы', 1126020166037218),
(383, 2147483647, 'Услуги ревматолога', 1126020166037279),
(384, 2147483647, 'Медицинское лечение зависимостей', 1126020165945852),
(385, 2147483647, 'Родильные дома', 1126020165927115),
(386, 2147483647, 'Госпитали', 1126020165927114),
(387, 2147483647, 'Услуги маммолога', 1126020165940553),
(388, 2147483647, 'Услуги гирудотерапевта', 1126020165940317),
(389, 2147483647, 'Соляные комнаты', 1126020165996901),
(390, 2147483647, 'Тату-салоны', 1126020165941854),
(391, 2147483647, 'Больницы', 1126020165927113),
(392, 2147483647, 'Морги', 1126020165927125),
(393, 2147483647, 'Услуги визажиста', 1126020165985770),
(394, 2147483647, 'Приём / переработка металлолома', 1126020165947643),
(395, 2147483647, 'Нефтепродукты / ГСМ / Газ', 1126020165927323),
(396, 2147483647, 'Металлоизделия', 1126020165927416),
(397, 2147483647, 'Геологоразведочные работы', 1126020165946046),
(398, 2147483647, 'Технические газы / Криогенные жидкости', 1126020165938831),
(399, 2147483647, 'Сервисное обслуживание нефтегазодобывающих компаний', 1126020165935324),
(400, 2147483647, 'Чёрный металлопрокат', 1126020165927527),
(401, 2147483647, 'Промышленная химия / Химическое сырьё', 1126020165927514),
(402, 2147483647, 'Производство изделий из пластмасс', 1126020165927389),
(403, 2147483647, 'Утилизация отходов / Вторсырьё', 1126020165927388),
(404, 2147483647, 'Нефтедобывающие / газодобывающие компании', 1126020165935328),
(405, 2147483647, 'Металлообработка', 1126020165927399),
(406, 2147483647, 'Нефтяные резервуары', 1126020165943726),
(407, 2147483647, 'Профессиональная химия', 1126020165951380),
(408, 2147483647, 'Сварочные материалы', 1126020165927568),
(409, 2147483647, 'Нержавеющий металлопрокат', 1126020165927746),
(410, 2147483647, 'Цветной металлопрокат', 1126020165927528),
(411, 2147483647, 'Металлы / Сплавы', 1126020165998560),
(412, 2147483647, 'Стеллажи / Витрины', 1126020165927985),
(413, 2147483647, 'Оборудование для салонов красоты', 1126020165927353),
(414, 2147483647, 'Фасовочно-упаковочное оборудование', 1126020165927535),
(415, 2147483647, 'Оборудование для автоматизации торговли', 1126020165956414),
(416, 2147483647, 'Оборудование для пищевого производства', 1126020165927354),
(417, 2147483647, 'Клининговое оборудование / инвентарь', 1126020165927631),
(418, 2147483647, 'Оборудование для предприятий общественного питания', 1126020165928146),
(419, 2147483647, 'Ремонт торгового оборудования', 1126020165984152),
(420, 2147483647, 'Прокат оборудования / инструментов', 1126020165977925),
(421, 2147483647, 'Вендинговое оборудование', 1126020165941356),
(422, 2147483647, 'Оборудование для рыбной промышленности', 1126020165932710),
(423, 2147483647, 'Очистители воздуха', 1126020165928529),
(424, 2147483647, 'Торгово-выставочное оборудование', 1126020165928153),
(425, 2147483647, 'Весовое оборудование', 1126020165927986),
(426, 2147483647, 'Деревообрабатывающий инструмент', 1126020165927617),
(427, 2147483647, 'Оборудование для автосервиса', 1126020165927351),
(428, 2147483647, 'Оборудование для лабораторий', 1126020165927443),
(429, 2147483647, 'Слесарно-монтажный инструмент', 1126020165927510),
(430, 2147483647, 'Контрольно-кассовая техника / Расходные материалы', 1126020165927582),
(431, 2147483647, 'Металлообрабатывающее оборудование', 1126020165927526),
(432, 2147483647, 'Сварочное оборудование', 1126020165927440),
(433, 2147483647, 'Резинотехнические изделия', 1126020165927387),
(434, 2147483647, 'Холодильное оборудование', 1126020165927369),
(435, 2147483647, 'Насосное оборудование', 1126020165927362),
(436, 2147483647, 'Оборудование для сельского хозяйства', 1126020165927356),
(437, 2147483647, 'Деревообрабатывающее оборудование', 1126020165927350),
(438, 2147483647, 'Бензиновое / дизельное оборудование', 1126020165928461),
(439, 2147483647, 'Ремонт электроинструмента', 1126020165928130),
(440, 2147483647, 'Полиграфическое оборудование', 1126020165927364),
(441, 2147483647, 'Пресс-формы / Штампы', 1126020165927603),
(442, 2147483647, 'Гидравлическое оборудование / инструмент', 1126020165934578),
(443, 2147483647, 'Ремонт / обслуживание климатического оборудования', 1126020165951724),
(444, 2147483647, 'Оборудование для автомоек', 1126020165940322),
(445, 2147483647, 'Абразивный инструмент', 1126020165927516),
(446, 2147483647, 'Оборудование для промышленной маркировки', 1126020165928118),
(447, 2147483647, 'Вентиляционное / тепловое оборудование', 1126020165927359),
(448, 2147483647, 'Нефтегазовое оборудование', 1126020165927363),
(449, 2147483647, 'Швейное оборудование', 1126020165927370),
(450, 2147483647, 'Каркасно-тентовые конструкции', 1126020165927497),
(451, 2147483647, 'Игорное оборудование / Аксессуары', 1126020165928144),
(452, 2147483647, 'Оборудование для автоматизации промышленных предприятий', 1126020165935655),
(453, 2147483647, 'Звуковое / световое / видеооборудование', 1126020165943309),
(454, 2147483647, 'Строительное оборудование / Вспомогательные устройства', 1126020165946402),
(455, 2147483647, 'Газовое оборудование', 1126020165927569),
(456, 2147483647, 'Продажа платёжных терминалов / информационных киосков', 1126020165937263),
(457, 2147483647, 'Техника для склада / Вспомогательные устройства', 1126020165927433),
(458, 2147483647, 'Пневматическое / компрессорное оборудование', 1126020165927453),
(459, 2147483647, 'Оборудование для энергосбережения', 1126020165927358),
(460, 2147483647, 'Оборудование / инструмент для ювелирного производства', 1126020165948428),
(461, 2147483647, 'Заточка / шлифовка режущих инструментов', 1126020165974692),
(462, 2147483647, 'Банковское оборудование', 1126020165927348),
(463, 2147483647, 'Электроинструмент', 1126020165927511),
(464, 2147483647, 'Ремонт промышленного оборудования', 1126020165932567),
(465, 2147483647, 'Оборудование для бассейнов', 1126020165985740),
(466, 2147483647, 'Продажа / установка тёплых полов', 1126020165928471),
(467, 2147483647, 'Измерительный инструмент', 1126020165927566),
(468, 2147483647, 'Малярный инструмент', 1126020165932184),
(469, 2147483647, 'Кондиционеры', 1126020165927508),
(470, 2147483647, 'Прокат мультимедийного / презентационного оборудования', 1126020165977922),
(471, 2147483647, 'Ремонт бензоинструмента', 1126020165950699),
(472, 2147483647, 'Промышленные трубы / элементы трубопровода', 1126020165981561),
(473, 2147483647, 'Котельное оборудование / Котлы', 1126020165927581),
(474, 2147483647, 'Изделия из стеклопластика', 1126020165993953),
(475, 2147483647, 'Подшипники', 1126020165927525),
(476, 2147483647, 'Металлорежущий инструмент', 1126020165927567),
(477, 2147483647, 'Бензоинструмент', 1126020165928020),
(478, 2147483647, 'Бизнес-тренинги / семинары', 1126020165927580),
(479, 2147483647, 'Профессиональная переподготовка / Повышение квалификации', 1126020165927146),
(480, 2147483647, 'Школы иностранных языков', 1126020165927587),
(481, 2147483647, 'Курсы творчества и рукоделия', 1126020165979072),
(482, 2147483647, 'Центры раннего развития детей', 1126020165932595),
(483, 2147483647, 'Обучение рабочим профессиям', 1126020165927604),
(484, 2147483647, 'Обучение мастеров для салонов красоты', 1126020165927607),
(485, 2147483647, 'Обучение бизнес-профессиям', 1126020165927605),
(486, 2147483647, 'Перевод с иностранных языков', 1126020165927424),
(487, 2147483647, 'Обучение сотрудников охраны', 1126020165928064),
(488, 2147483647, 'Обучение по охране труда', 1126020165940557),
(489, 2147483647, 'Школы-интернаты', 1126020165927599),
(490, 2147483647, 'Дизайнерские курсы', 1126020165943669),
(491, 2147483647, 'Личностные тренинги / семинары', 1126020165941343),
(492, 2147483647, 'Институты', 1126020165927143),
(493, 2147483647, 'Музыкальные курсы', 1126020165983349),
(494, 2147483647, 'Обучение за рубежом', 1126020165927588),
(495, 2147483647, 'Курсы вокала', 1126020165980510),
(496, 2147483647, 'Университеты', 1126020165927144),
(497, 2147483647, 'Школы искусств', 1126020165927430),
(498, 2147483647, 'Фотошколы', 1126020165945992),
(499, 2147483647, 'Компьютерные курсы', 1126020165927590),
(500, 2147483647, 'Обучение морским профессиям', 1126020165937027),
(501, 2147483647, 'Научно-исследовательские институты', 1126020165927153),
(502, 2147483647, 'Частные детские сады', 1126020166037317),
(503, 2147483647, 'Помощь в обучении', 1126020165928093),
(504, 2147483647, 'Кадровые / рекрутинговые агентства', 1126020165927238),
(505, 2147483647, 'Бухгалтерские курсы', 1126020165927606),
(506, 2147483647, 'Начальные школы-детские сады / Прогимназии', 1126020165942673),
(507, 2147483647, 'Училища', 1126020165927160),
(508, 2147483647, 'Лицеи', 1126020165942199),
(509, 2147483647, 'Кулинарные курсы', 1126020165980511),
(510, 2147483647, 'Детские музыкальные школы', 1126020165927155),
(511, 2147483647, 'Модельные агентства', 1126020165927462),
(512, 2147483647, 'Тимбилдинг', 1126020165943840),
(513, 2147483647, 'Конструкторские бюро', 1126020165927151),
(514, 2147483647, 'Биометрические тестирования', 1126020166037235),
(515, 2147483647, 'Автошколы', 1126020165927145),
(516, 2147483647, 'Детские сады', 1126020165927149),
(517, 2147483647, 'Детские художественные школы', 1126020165927156),
(518, 2147483647, 'Театральные курсы', 1126020165977444),
(519, 2147483647, 'Крюинговые агентства', 1126020165936876),
(520, 2147483647, 'Гимназии', 1126020165927595),
(521, 2147483647, 'Школы', 1126020165927157),
(522, 2147483647, 'Академии', 1126020165927142),
(523, 2147483647, 'Консерватории', 1126020165978120),
(524, 2147483647, 'Обучение массажистов', 1126020165978268),
(525, 2147483647, 'Колледжи', 1126020165927158),
(526, 2147483647, 'Техникумы', 1126020165927159),
(527, 2147483647, 'Мужская одежда', 1126020165927524),
(528, 2147483647, 'Обувные магазины', 1126020165927268),
(529, 2147483647, 'Товары для беременных / Товары для кормящих мам', 1126020165932181),
(530, 2147483647, 'Ателье обувные', 1126020165952080),
(531, 2147483647, 'Солнцезащитные очки', 1126020166037376),
(532, 2147483647, 'Женская одежда', 1126020165927518),
(533, 2147483647, 'Игрушки', 1126020165927258),
(534, 2147483647, 'Свадебные товары', 1126020165927295),
(535, 2147483647, 'Нижнее бельё', 1126020165927265),
(536, 2147483647, 'Материалы для производства / ремонта обуви', 1126020165971850),
(537, 2147483647, 'Сценические / карнавальные костюмы / Аксессуары', 1126020165943403),
(538, 2147483647, 'Одежда / обувь для танцев', 1126020165979148),
(539, 2147483647, 'Спецодежда / Средства индивидуальной защиты', 1126020165927270),
(540, 2147483647, 'Ремонт обуви / кожгалантереи', 1126020165927219),
(541, 2147483647, 'Сумки / Кожгалантерея', 1126020165927438),
(542, 2147483647, 'Детская одежда', 1126020165927521),
(543, 2147483647, 'Обувь - опт', 1126020165927711),
(544, 2147483647, 'Школьная форма', 1126020166037316),
(545, 2147483647, 'Спецобувь', 1126020165937289),
(546, 2147483647, 'Прокат свадебных / вечерних платьев', 1126020166037362),
(547, 2147483647, 'Товары для новорождённых', 1126020165927257),
(548, 2147483647, 'Головные / шейные уборы', 1126020165927266),
(549, 2147483647, 'Трикотажные изделия', 1126020165927467),
(550, 2147483647, 'Секонд-хенд', 1126020165927520),
(551, 2147483647, 'Бижутерия', 1126020165928094),
(552, 2147483647, 'Детская обувь', 1126020165940012),
(553, 2147483647, 'Верхняя одежда', 1126020165941338),
(554, 2147483647, 'Чулочно-носочные изделия', 1126020165927271),
(555, 2147483647, 'Джинсовая одежда', 1126020165927517),
(556, 2147483647, 'Производство обуви', 1126020165927392),
(557, 2147483647, 'Меха / Дублёнки / Кожа', 1126020165927267),
(558, 2147483647, 'Системы безопасности и охраны', 1126020165927231),
(559, 2147483647, 'Противопожарное оборудование / инвентарь', 1126020165927365),
(560, 2147483647, 'Услуги охраны', 1126020165927230),
(561, 2147483647, 'Пломбировочные устройства', 1126020165949743),
(562, 2147483647, 'Монтаж охранно-пожарных систем', 1126020165928014),
(563, 2147483647, 'Огнезащитная обработка', 1126020165928581),
(564, 2147483647, 'Детекторы лжи', 1126020165978795),
(565, 2147483647, 'Детективные услуги', 1126020165927229),
(566, 2147483647, 'Вневедомственная охрана', 1126020165927228),
(567, 2147483647, 'Спасательное оборудование', 1126020165927366),
(568, 2147483647, 'Домофоны', 1126020165935111),
(569, 2147483647, 'Услуги инкассации', 1126020165978272),
(570, 2147483647, 'Овощи / Фрукты', 1126020165927476),
(571, 2147483647, 'Табачные изделия / Товары для курения', 1126020165927279),
(572, 2147483647, 'Питьевая вода', 1126020165927284),
(573, 2147483647, 'Мясо птицы / Полуфабрикаты', 1126020165927624),
(574, 2147483647, 'Консервированная продукция', 1126020165927475),
(575, 2147483647, 'Ингредиенты / готовая продукция японской кухни', 1126020165982452),
(576, 2147483647, 'Детское питание', 1126020165927479),
(577, 2147483647, 'Кондитерские изделия', 1126020165927275),
(578, 2147483647, 'Жир / Маслопродукты', 1126020165927480),
(579, 2147483647, 'Мясо / Полуфабрикаты', 1126020165927474),
(580, 2147483647, 'Диетические / соевые продукты', 1126020165927287),
(581, 2147483647, 'Сырьё для пищевой промышленности', 1126020165927837),
(582, 2147483647, 'Мороженое', 1126020165927381),
(583, 2147483647, 'Киоски / магазины фастфудной продукции', 1126020165948413),
(584, 2147483647, 'Специи / Пряности', 1126020165927413),
(585, 2147483647, 'Рыба / Морепродукты', 1126020165927278),
(586, 2147483647, 'Магазины разливного пива', 1126020165946202),
(587, 2147483647, 'Алкогольные напитки', 1126020165927272),
(588, 2147483647, 'Сыры', 1126020165927847),
(589, 2147483647, 'Орехи / Семечки', 1126020165932755),
(590, 2147483647, 'Продовольственные магазины', 1126020165927285),
(591, 2147483647, 'Безалкогольные напитки', 1126020165927273),
(592, 2147483647, 'Ягоды / Грибы', 1126020166037236),
(593, 2147483647, 'Зернопереработка', 1126020165928193),
(594, 2147483647, 'Продукты быстрого приготовления', 1126020165927473),
(595, 2147483647, 'Яйцо', 1126020165932178),
(596, 2147483647, 'Чай / Кофе', 1126020165927470),
(597, 2147483647, 'Зерно / Зерноотходы', 1126020165928181),
(598, 2147483647, 'Снэковая продукция', 1126020165927791),
(599, 2147483647, 'Макаронные изделия', 1126020165930143),
(600, 2147483647, 'Колбасные изделия', 1126020165931392),
(601, 2147483647, 'Молочные продукты', 1126020165927469),
(602, 2147483647, 'Мука / Крупы', 1126020165930144),
(603, 2147483647, 'Хлебобулочные изделия', 1126020165927456),
(604, 2147483647, 'Продукты пчеловодства', 1126020165928185),
(605, 2147483647, 'Сахар / Соль', 1126020165927471),
(606, 2147483647, 'Фастфудная продукция - опт', 1126020165947135),
(607, 2147483647, 'Пиво - опт', 1126020165946200),
(608, 2147483647, 'Минеральная вода', 1126020166037282),
(609, 2147483647, 'Услуги гравировки', 1126020165942934),
(610, 2147483647, 'Размещение наружной рекламы', 1126020165934490),
(611, 2147483647, 'Телекомпании / Радиокомпании', 1126020165974648),
(612, 2147483647, 'Послепечатная обработка', 1126020165935280),
(613, 2147483647, 'Шелкография', 1126020165935105),
(614, 2147483647, 'Изготовление рекламных конструкций', 1126020165934491),
(615, 2147483647, 'Видеостудии', 1126020165932514),
(616, 2147483647, 'Размещение рекламы на транспорте', 1126020165928525),
(617, 2147483647, 'Организация и проведение промоушн-акций', 1126020165928116),
(618, 2147483647, 'Световая реклама', 1126020165927835),
(619, 2147483647, 'Маркетинговые / социологические исследования', 1126020165927245),
(620, 2147483647, 'Оперативная полиграфия', 1126020165935104),
(621, 2147483647, 'Indoor-реклама (реклама в помещениях)', 1126020165945766),
(622, 2147483647, 'Размещение рекламы в СМИ', 1126020165927234),
(623, 2147483647, 'Широкоформатная печать', 1126020165927534),
(624, 2147483647, 'Офсетная печать', 1126020165935100),
(625, 2147483647, 'Полиграфические услуги', 1126020165935314),
(626, 2147483647, 'Дизайн рекламы', 1126020165927233),
(627, 2147483647, 'Копировальные услуги', 1126020165941987),
(628, 2147483647, 'Флексопечать', 1126020165935103),
(629, 2147483647, 'Производство пластиковых карт', 1126020165934231),
(630, 2147483647, 'Рекламные агентства полного цикла', 1126020165936739),
(631, 2147483647, 'Директ-мэйл', 1126020165927246),
(632, 2147483647, 'Агентства по подписке печатных изданий', 1126020165936421),
(633, 2147483647, 'Расходные материалы для полиграфии', 1126020165927376),
(634, 2147483647, 'Телеканалы', 1126020165974653),
(635, 2147483647, 'Размещение рекламы в интернете', 1126020165945227),
(636, 2147483647, 'Фотостудии', 1126020165927927),
(637, 2147483647, 'Материалы для наружной рекламы', 1126020165927857),
(638, 2147483647, 'Студии звукозаписи', 1126020165935279),
(639, 2147483647, 'Изготовление фотокниг', 1126020165985533),
(640, 2147483647, 'Предпечатная подготовка', 1126020165927167),
(641, 2147483647, 'Бумага для полиграфии', 1126020165927290),
(642, 2147483647, 'Изготовление бизнес-сувениров', 1126020165927537),
(643, 2147483647, 'Деколирование', 1126020165976435),
(644, 2147483647, 'Тиражирование дисков', 1126020165928035),
(645, 2147483647, 'Тампопечать', 1126020165935101),
(646, 2147483647, 'PR / Связи с общественностью', 1126020165927578),
(647, 2147483647, 'УФ-печать', 1126020166037254),
(648, 2147483647, 'Термопечать', 1126020165935102),
(649, 2147483647, 'Радиостанции', 1126020165927168),
(650, 2147483647, 'Киоски / магазины по продаже печатной продукции', 1126020165979871),
(651, 2147483647, 'Справочники', 1126020165927972),
(652, 2147483647, 'Газеты', 1126020165927971),
(653, 2147483647, 'Аромамаркетинг', 1126020165979885),
(654, 2147483647, 'Журналы', 1126020165927166),
(655, 2147483647, 'Спортивная одежда / обувь', 1126020165927519),
(656, 2147483647, 'Товары для охоты', 1126020165927296),
(657, 2147483647, 'Детское игровое оборудование / Аксессуары', 1126020165927686),
(658, 2147483647, 'Помощь в оформлении загранпаспортов', 1126020165947775),
(659, 2147483647, 'Спортивный инвентарь', 1126020165927676),
(660, 2147483647, 'Спортивные секции', 1126020165978168),
(661, 2147483647, 'Обучение танцам', 1126020165931427),
(662, 2147483647, 'Спортивное оборудование', 1126020165927608),
(663, 2147483647, 'Спортивно-развлекательное оборудование / Аксессуары', 1126020165987978),
(664, 2147483647, 'Водно-спортивный транспорт / техника', 1126020165927543),
(665, 2147483647, 'Прокат спортивного инвентаря / техники', 1126020165927221),
(666, 2147483647, 'Туристические агентства', 1126020165927184),
(667, 2147483647, 'Круизы / Морские, речные прогулки', 1126020165946513),
(668, 2147483647, 'Туроператоры', 1126020165943527),
(669, 2147483647, 'Ледовые дворцы / Катки', 1126020165938886),
(670, 2147483647, 'Снаряжение для туризма и отдыха', 1126020165927417),
(671, 2147483647, 'Военно-патриотические клубы', 1126020165995863),
(672, 2147483647, 'Стадионы', 1126020165927546),
(673, 2147483647, 'Спортивные школы', 1126020165927545),
(674, 2147483647, 'Спортивно-интеллектуальные клубы', 1126020165978282),
(675, 2147483647, 'Велнес-залы', 1126020165998144),
(676, 2147483647, 'Бронирование гостиниц', 1126020166037299),
(677, 2147483647, 'Фитнес-клубы', 1126020165927180),
(678, 2147483647, 'Хостелы', 1126020165979593),
(679, 2147483647, 'Занятия по аквааэробике', 1126020166037244),
(680, 2147483647, 'Федерации спорта', 1126020165947685),
(681, 2147483647, 'Товары для рыбалки', 1126020165927171),
(682, 2147483647, 'Тренажёрные залы', 1126020165927179),
(683, 2147483647, 'Батутные центры', 1126020166037339),
(684, 2147483647, 'Авиационные клубы', 1126020165978558),
(685, 2147483647, 'Скалодромы', 1126020166037215),
(686, 2147483647, 'Профессиональные спортивные клубы', 1126020165927178),
(687, 2147483647, 'Спортивное питание', 1126020165928145),
(688, 2147483647, 'Теннисные корты', 1126020165978153),
(689, 2147483647, 'Гостиницы', 1126020165927181),
(690, 2147483647, 'Ремонт спортивного инвентаря', 1126020165979407),
(691, 2147483647, 'Квартирные бюро', 1126020165946399),
(692, 2147483647, 'Яхт-клубы', 1126020165936877),
(693, 2147483647, 'Конные клубы / Ипподромы', 1126020165927174),
(694, 2147483647, 'Базы отдыха', 1126020165927459),
(695, 2147483647, 'Гостевые дома', 1126020165950381),
(696, 2147483647, 'Центры йоги', 1126020165947140),
(697, 2147483647, 'Ремонт товаров для охоты', 1126020166037334),
(698, 2147483647, 'Товары для подводного плавания', 1126020165978326),
(699, 2147483647, 'Велосипеды', 1126020165927721),
(700, 2147483647, 'Бассейны', 1126020165927173),
(701, 2147483647, 'Детские лагеря', 1126020165927182),
(702, 2147483647, 'Системы перегородок', 1126020165927714),
(703, 2147483647, 'Гидроизоляционные материалы', 1126020165927192),
(704, 2147483647, 'Подвесные потолки', 1126020166037305),
(705, 2147483647, 'Огнеупорные материалы / изделия', 1126020165942681),
(706, 2147483647, 'Изготовление витражей / мозаики', 1126020165928470),
(707, 2147483647, 'Облицовочный камень', 1126020165976996),
(708, 2147483647, 'Звукоизоляционные материалы', 1126020165935652),
(709, 2147483647, 'Автоматические ворота / шлагбаумы', 1126020165927905),
(710, 2147483647, 'Заборы / Ограждения', 1126020165927849),
(711, 2147483647, 'Металлоконструкции для строительства зданий / сооружений', 1126020165927385),
(712, 2147483647, 'Кровельные материалы', 1126020165927196),
(713, 2147483647, 'Герметики / Клеи', 1126020165927494),
(714, 2147483647, 'Комплектующие для дверей', 1126020165937370),
(715, 2147483647, 'Стекло / Зеркала', 1126020165927204),
(716, 2147483647, 'Песок / Щебень', 1126020165937186),
(717, 2147483647, 'Окна', 1126020165927200),
(718, 2147483647, 'Отделочные материалы', 1126020165936688),
(719, 2147483647, 'Фасадные материалы / конструкции', 1126020165927415),
(720, 2147483647, 'Оргстекло / Поликарбонат', 1126020165927600),
(721, 2147483647, 'Напольные покрытия / Комплектующие', 1126020165927199),
(722, 2147483647, 'ДСП / ДВП / Фанера', 1126020165927680),
(723, 2147483647, 'Лакокрасочные материалы', 1126020165927197),
(724, 2147483647, 'Пиломатериалы / Лесоматериалы', 1126020165927193),
(725, 2147483647, 'Железобетонные изделия', 1126020165927195),
(726, 2147483647, 'Теплоизоляционные материалы', 1126020165927205),
(727, 2147483647, 'Материалы для дорожного строительства', 1126020165927461),
(728, 2147483647, 'Сухие строительные смеси', 1126020165927490),
(729, 2147483647, 'Гипсокартон / Комплектующие', 1126020165927492),
(730, 2147483647, 'Декоративные элементы / покрытия', 1126020165940560),
(731, 2147483647, 'Резиновые покрытия / Комплектующие', 1126020166028955),
(732, 2147483647, 'Цемент', 1126020165937814),
(733, 2147483647, 'Асбестотехническая продукция', 1126020165946031),
(734, 2147483647, 'Тротуарная плитка', 1126020165927452),
(735, 2147483647, 'Сэндвич-панели', 1126020165934581),
(736, 2147483647, 'Входные двери', 1126020165936884),
(737, 2147483647, 'Натяжные потолки', 1126020165927496),
(738, 2147483647, 'Системы водоотведения', 1126020165952106),
(739, 2147483647, 'Строительные блоки', 1126020165943535),
(740, 2147483647, 'Комплектующие для окон', 1126020165928468),
(741, 2147483647, 'Погонажные изделия', 1126020165927678),
(742, 2147483647, 'Стеновые панели', 1126020165927495),
(743, 2147483647, 'Строительные материалы', 1126020165936689),
(744, 2147483647, 'Межкомнатные двери', 1126020165936885),
(745, 2147483647, 'Крепёжные изделия', 1126020165927717),
(746, 2147483647, 'Автоматические двери', 1126020166037357),
(747, 2147483647, 'Замки / Скобяные изделия', 1126020165927506),
(748, 2147483647, 'Обои', 1126020165927468),
(749, 2147483647, 'Кирпич', 1126020165927491),
(750, 2147483647, 'Огнезащитные материалы', 1126020165974685),
(751, 2147483647, 'Вторичные строительные материалы', 1126020165996254),
(752, 2147483647, 'Керамическая плитка / Кафель', 1126020165927450),
(753, 2147483647, 'Керамогранит', 1126020165928109),
(754, 2147483647, 'Грязепоглощающие покрытия', 1126020165980178),
(755, 2147483647, 'Бетон / Раствор', 1126020165928108),
(756, 2147483647, 'Строительство / обслуживание фонтанов', 1126020166037261),
(757, 2147483647, 'Проектирование / обслуживание систем освещения', 1126020166037233),
(758, 2147483647, 'Строительство многоквартирных домов', 1126020165927207),
(759, 2147483647, 'Экологические работы', 1126020165981825),
(760, 2147483647, 'Новостройки', 1126020165927515),
(761, 2147483647, 'Алмазное бурение / резка', 1126020165934273),
(762, 2147483647, 'Строительство фундамента', 1126020166037356),
(763, 2147483647, 'Строительство / обслуживание наружных систем отопления / водоснабжения / канализации', 1126020165936933),
(764, 2147483647, 'Строительство сооружений сельскохозяйственного назначения', 1126020165978283),
(765, 2147483647, 'Остекление / отделка балконов и лоджий', 1126020165946416),
(766, 2147483647, 'Строительство / обслуживание электросетей', 1126020165942193),
(767, 2147483647, 'Строительство / обслуживание наружных систем газоснабжения', 1126020165934932),
(768, 2147483647, 'Услуги по устройству промышленных / наливных полов', 1126020165928521),
(769, 2147483647, 'Монтаж климатических систем', 1126020165927616),
(770, 2147483647, 'Инжиниринговые услуги', 1126020165927615),
(771, 2147483647, 'Техническая экспертиза зданий и сооружений', 1126020165927614),
(772, 2147483647, 'Строительство административных зданий', 1126020165927613),
(773, 2147483647, 'Обслуживание внутренних систем отопления / водоснабжения / канализации', 1126020165927611),
(774, 2147483647, 'Геофизические работы', 1126020165927398),
(775, 2147483647, 'Антикоррозийная обработка металлоконструкций', 1126020165939078),
(776, 2147483647, 'Ремонт / установка сантехнического оборудования', 1126020166031109),
(777, 2147483647, 'Высотные работы', 1126020165927601),
(778, 2147483647, 'Системы отопления / водоснабжения / канализации', 1126020165927401),
(779, 2147483647, 'Геодезические работы', 1126020165927397),
(780, 2147483647, 'Оборудование для очистки воды', 1126020165927352),
(781, 2147483647, 'Строительство / ремонт дорог', 1126020165927206),
(782, 2147483647, 'Сантехника / Санфаянс', 1126020165927203),
(783, 2147483647, 'Электромонтажные работы', 1126020165927191),
(784, 2147483647, 'Архитектурно-строительное проектирование', 1126020165927185),
(785, 2147483647, 'Гидроизоляционные работы', 1126020165944360),
(786, 2147483647, 'Автоматизация инженерных систем', 1126020165933422),
(787, 2147483647, 'Строительство / монтаж бассейнов, аквапарков', 1126020165927209),
(788, 2147483647, 'Буровые работы', 1126020165927395),
(789, 2147483647, 'Гидротехническое строительство', 1126020165937713),
(790, 2147483647, 'Реконструкция и капремонт зданий', 1126020165927499),
(791, 2147483647, 'Фасадные работы', 1126020165927560),
(792, 2147483647, 'Кровельные работы', 1126020165927559),
(793, 2147483647, 'Строительство дач / коттеджей', 1126020165927210),
(794, 2147483647, 'Строительство мостов / тоннелей', 1126020165927500),
(795, 2147483647, 'Полимерная порошковая окраска', 1126020165927620);
INSERT INTO `zf_gparser_sub_category` (`id_gparser_sub_category`, `id_gparser_category`, `category_name`, `category_external_id`) VALUES
(796, 2147483647, 'Быстровозводимые здания / сооружения', 1126020165941400),
(797, 2147483647, 'Электроизмерительные работы', 1126020165983669),
(798, 2147483647, 'Бизнес-центры', 1126020165940708),
(799, 2147483647, 'Промышленное строительство', 1126020165927612),
(800, 2147483647, 'Ландшафтная архитектура', 1126020165927186),
(801, 2147483647, 'Дизайн интерьеров', 1126020165927243),
(802, 2147483647, 'Деревообработка', 1126020165927622),
(803, 2147483647, 'Проектирование инженерных систем', 1126020165932571),
(804, 2147483647, 'Ремонт / отделка помещений', 1126020165927188),
(805, 2147483647, 'Аренда помещений', 1126020165927483),
(806, 2147483647, 'Земляные работы', 1126020165980309),
(807, 2147483647, 'Строительство заправочных станций', 1126020165934980),
(808, 2147483647, 'Строительство бань / саун', 1126020165927211),
(809, 2147483647, 'Гидрогеологические работы', 1126020165937051),
(810, 2147483647, 'Кадастровые работы / Техническая инвентаризация, учет', 1126020165927047),
(811, 2147483647, 'Аэрография / Обучение аэрографии', 1126020166037304),
(812, 2147483647, 'Геологические работы', 1126020165979586),
(813, 2147483647, 'Тонирование стёкол зданий / конструкций', 1126020165948283),
(814, 2147483647, 'Изготовление макетов / Прототипирование', 1126020165979168),
(815, 2147483647, 'Продажа земельных участков / малоэтажных домов', 1126020165982605),
(816, 2147483647, 'Конференц-залы / Переговорные комнаты', 1126020165944291),
(817, 2147483647, 'Агентства недвижимости', 1126020165927187),
(818, 2147483647, 'Ремонт окон', 1126020165949683),
(819, 2147483647, 'Проектирование дорог / мостов', 1126020165943980),
(820, 2147483647, 'Подводно-технические работы', 1126020165937024),
(821, 2147483647, 'Сварочные работы', 1126020165942247),
(822, 2147483647, 'Теплоизоляционные работы', 1126020165940563),
(823, 2147483647, 'Строительство гаражей', 1126020165927208),
(824, 2147483647, 'Продажа / аренда / обслуживание биотуалетов', 1126020165936140),
(825, 2147483647, 'Снос зданий / сооружений', 1126020165942007),
(826, 2147483647, 'Гидромассажное оборудование', 1126020165927583),
(827, 2147483647, 'Свайные работы', 1126020165938553),
(828, 2147483647, 'Рольставни', 1126020166037348),
(829, 2147483647, 'Швейная фурнитура', 1126020165927421),
(830, 2147483647, 'Жалюзи', 1126020165927194),
(831, 2147483647, 'Печи / Камины', 1126020165927460),
(832, 2147483647, 'Постельные принадлежности / Текстиль для дома', 1126020165927304),
(833, 2147483647, 'Интерьерные лестницы / Ограждения', 1126020165927189),
(834, 2147483647, 'Кованые изделия', 1126020165927190),
(835, 2147483647, 'Ткани', 1126020165927420),
(836, 2147483647, 'Портьерные ткани / Шторы', 1126020165927908),
(837, 2147483647, 'Керамические изделия', 1126020165927307),
(838, 2147483647, 'Карнизы', 1126020165927306),
(839, 2147483647, 'Ковры', 1126020165946417),
(840, 2147483647, 'Пряжа', 1126020165927522),
(841, 2147483647, 'Клубы домашних животных / Питомники', 1126020165927068),
(842, 2147483647, 'Услуги по уходу за животными', 1126020165943326),
(843, 2147483647, 'Выездные ветеринарные службы', 1126020165978004),
(844, 2147483647, 'Животноводство', 1126020165986196),
(845, 2147483647, 'Зоотовары / Домашние питомцы', 1126020165927292),
(846, 2147483647, 'Комбикорм / Кормовые добавки', 1126020165928579),
(847, 2147483647, 'Ветеринарные клиники', 1126020165927117),
(848, 2147483647, 'Аквариумы', 1126020165927609),
(849, 2147483647, 'Приюты для животных', 1126020165948976),
(850, 2147483647, 'Ветеринарные препараты', 1126020165927553),
(851, 2147483647, 'Ветеринарные аптеки', 1126020165927116),
(852, 2147483647, 'Гостиницы для животных', 1126020165946573),
(853, 2147483647, 'Ветеринарные лаборатории', 1126020165978319),
(854, 2147483647, 'Ювелирные изделия', 1126020165927303),
(855, 2147483647, 'Товары для творчества и рукоделия', 1126020165942414),
(856, 2147483647, 'Ремонт / изготовление ювелирных изделий', 1126020165932700),
(857, 2147483647, 'Металлоискатели', 1126020165978114),
(858, 2147483647, 'Товары для праздничного оформления / организации праздников', 1126020165998554),
(859, 2147483647, 'Товары национальных / народных ремёсел', 1126020166037245),
(860, 2147483647, 'Супермаркеты', 1126020165927262),
(861, 2147483647, 'Сборные / радиоуправляемые модели', 1126020165978274),
(862, 2147483647, 'Картографическая продукция', 1126020165977762),
(863, 2147483647, 'Продажа купонов со скидками / Дисконтные системы', 1126020165978015),
(864, 2147483647, 'Сувениры', 1126020165927422),
(865, 2147483647, 'Товары для бань / саун', 1126020165939090),
(866, 2147483647, 'Сувенирные композиции', 1126020166028938),
(867, 2147483647, 'Эротические товары', 1126020165927123),
(868, 2147483647, 'Новогодние товары', 1126020165937817),
(869, 2147483647, 'Цветы', 1126020165927301),
(870, 2147483647, 'Часы / Аксессуары', 1126020165927302),
(871, 2147483647, 'Гипермаркеты', 1126020165939039),
(872, 2147483647, 'Торговые центры товаров для интерьера / ремонта', 1126020166037258),
(873, 2147483647, 'Торгово-развлекательные центры / Моллы', 1126020165946411),
(874, 2147483647, 'Рынки', 1126020165927288),
(875, 2147483647, 'Комиссионные магазины', 1126020165948360),
(876, 2147483647, 'Доставка цветов', 1126020165949071),
(877, 2147483647, 'Товары индивидуального пользования для гостиниц / санаториев', 1126020165981362),
(878, 2147483647, 'Настольные игры', 1126020165980979),
(879, 2147483647, 'Торговые центры / Универсальные магазины', 1126020165927523),
(880, 2147483647, 'Экспресс-почта', 1126020165927250),
(881, 2147483647, 'Агентирование морских судов', 1126020165932711),
(882, 2147483647, 'Железнодорожные вокзалы и станции', 1126020165927334),
(883, 2147483647, 'Международные грузоперевозки', 1126020165936653),
(884, 2147483647, 'Оформление купли-продажи автомобилей', 1126020165939398),
(885, 2147483647, 'Заказ автобусов', 1126020165927640),
(886, 2147483647, 'Спецтехника / Вспомогательные устройства', 1126020165927344),
(887, 2147483647, 'Морские / речные грузоперевозки', 1126020165927331),
(888, 2147483647, 'Прокат водно-спортивного транспорта / техники', 1126020165945901),
(889, 2147483647, 'Специализированные дорожные средства / устройства', 1126020165945383),
(890, 2147483647, 'Техническое обслуживание судов / судового оборудования', 1126020165943708),
(891, 2147483647, 'Строительство / ремонт железных дорог', 1126020165934860),
(892, 2147483647, 'Заказ спецтехники', 1126020165928068),
(893, 2147483647, 'Экспедирование грузов', 1126020165935446),
(894, 2147483647, 'Услуги водителя без автомобиля', 1126020165978270),
(895, 2147483647, 'Железнодорожные билеты', 1126020165927333),
(896, 2147483647, 'Сельхозтехника / Вспомогательные устройства', 1126020165930148),
(897, 2147483647, 'Продажа легковых автомобилей', 1126020165927343),
(898, 2147483647, 'Автоэкспертиза', 1126020165927254),
(899, 2147483647, 'Пассажирские транспортные предприятия', 1126020165931447),
(900, 2147483647, 'Заказ пассажирского легкового транспорта', 1126020165927445),
(901, 2147483647, 'Железнодорожные грузоперевозки', 1126020165927335),
(902, 2147483647, 'Междугородные автогрузоперевозки', 1126020165927329),
(903, 2147483647, 'Прокат автотранспорта', 1126020165927330),
(904, 2147483647, 'Номерные знаки на транспортные средства', 1126020165981321),
(905, 2147483647, 'Услуги складского хранения', 1126020165932191),
(906, 2147483647, 'Железнодорожное оборудование / техника', 1126020165934872),
(907, 2147483647, 'Авиабилеты', 1126020165927312),
(908, 2147483647, 'Ремонт железнодорожного оборудования / техники', 1126020165981023),
(909, 2147483647, 'Троллейбусные депо / парки', 1126020165927448),
(910, 2147483647, 'Продажа грузовых автомобилей', 1126020165927340),
(911, 2147483647, 'Стивидорные услуги', 1126020165932712),
(912, 2147483647, 'Вывоз мусора / снега', 1126020165941288),
(913, 2147483647, 'Судостроение / Судоремонт', 1126020165932714),
(914, 2147483647, 'Услуги грузчиков', 1126020165940218),
(915, 2147483647, 'Сюрвейерские услуги', 1126020165937040),
(916, 2147483647, 'Такелажные работы', 1126020165977098),
(917, 2147483647, 'Мототехника', 1126020165927341),
(918, 2147483647, 'Междугородные / Международные пассажирские перевозки', 1126020166030436),
(919, 2147483647, 'Авиагрузоперевозки', 1126020165927314),
(920, 2147483647, 'Бункеровка судов', 1126020165938987),
(921, 2147483647, 'Запчасти для судов', 1126020165937018),
(922, 2147483647, 'Ремонт водно-спортивного транспорта / техники', 1126020165936441),
(923, 2147483647, 'Фрахтование морских судов', 1126020165938990),
(924, 2147483647, 'Автовокзалы / Автостанции', 1126020165927328),
(925, 2147483647, 'Городские автогрузоперевозки', 1126020165927633),
(926, 2147483647, 'Электрические транспортные средства', 1126020166037259),
(927, 2147483647, 'Авиакомпании', 1126020165927313),
(928, 2147483647, 'Шипчандлерские услуги', 1126020165938988),
(929, 2147483647, 'Продажа автобусов', 1126020165927577),
(930, 2147483647, 'Гаражные кооперативы', 1126020165935445),
(931, 2147483647, 'Аэропорты', 1126020165927429),
(932, 2147483647, 'Бытовая химия', 1126020165927274),
(933, 2147483647, 'Пакеты / Плёнки', 1126020165927538),
(934, 2147483647, 'Упаковочные материалы', 1126020165927547),
(935, 2147483647, 'Канцелярские товары / Учебные принадлежности', 1126020165927293),
(936, 2147483647, 'Гофротара', 1126020165937203),
(937, 2147483647, 'Календари / Открытки', 1126020165927967),
(938, 2147483647, 'Посуда', 1126020165927308),
(939, 2147483647, 'Пластиковая тара', 1126020165927536),
(940, 2147483647, 'Учебная литература', 1126020165927260),
(941, 2147483647, 'Хозяйственные товары', 1126020165927310),
(942, 2147483647, 'Металлическая / жестяная тара', 1126020165977753),
(943, 2147483647, 'Бумажная упаковка', 1126020165927539),
(944, 2147483647, 'Одноразовая посуда', 1126020165927544),
(945, 2147483647, 'Подарочная упаковка', 1126020165934503),
(946, 2147483647, 'Офисная бумага', 1126020165927852),
(947, 2147483647, 'Средства защиты растений / Удобрения', 1126020165927154),
(948, 2147483647, 'Садово-огородный инвентарь / техника', 1126020165927309),
(949, 2147483647, 'Семена / Посадочный материал', 1126020165927297),
(950, 2147483647, 'Деревянная тара', 1126020165945890),
(951, 2147483647, 'Питомники растений', 1126020165974584),
(952, 2147483647, 'Услуги по упаковке подарков', 1126020166037240),
(953, 2147483647, 'Укрывной материал', 1126020165928149),
(954, 2147483647, 'Стеклянная тара', 1126020165934318),
(955, 2147483647, 'Биотопливо', 1126020165943410),
(956, 2147483647, 'Теплицы', 1126020165951304),
(957, 2147483647, 'Книги', 1126020165927259),
(958, 2147483647, 'Электроустановочная продукция', 1126020165927373),
(959, 2147483647, 'Контрольно-измерительные приборы (КИПиА)', 1126020165927602),
(960, 2147483647, 'Светотехника', 1126020165927503),
(961, 2147483647, 'Радиоэлектронные приборы', 1126020165927375),
(962, 2147483647, 'Электронагревательное оборудование', 1126020165927371),
(963, 2147483647, 'Электротехническая продукция', 1126020165927311),
(964, 2147483647, 'Электронные компоненты', 1126020165927374),
(965, 2147483647, 'Ремонт электродвигателей', 1126020165927426),
(966, 2147483647, 'Электроизоляционные материалы', 1126020165927414),
(967, 2147483647, 'Электродвигатели / Редукторы', 1126020165927586),
(968, 2147483647, 'Элементы питания', 1126020165927504),
(969, 2147483647, 'Кабель / Провод', 1126020165927507),
(970, 2147483647, 'Оптические приборы', 1126020165927848),
(971, 2147483647, 'Ведение дел в судах', 1126020165927548),
(972, 2147483647, 'Сертификация', 1126020165940224),
(973, 2147483647, 'Кредитные потребительские кооперативы', 1126020165932347),
(974, 2147483647, 'Финансовый консалтинг', 1126020165928148),
(975, 2147483647, 'Экспертиза проектной документации / результатов инженерных изысканий', 1126020166030317),
(976, 2147483647, 'Организация и проведение тендеров / аукционов', 1126020165977286),
(977, 2147483647, 'Таможенное оформление', 1126020165927756),
(978, 2147483647, 'Экспертиза промышленной безопасности', 1126020165927743),
(979, 2147483647, 'Регистрация ценных бумаг', 1126020165927575),
(980, 2147483647, 'Экологическая оценка', 1126020165946483),
(981, 2147483647, 'Бухгалтерские услуги', 1126020165927565),
(982, 2147483647, 'Помощь в оформлении кредита', 1126020165951650),
(983, 2147483647, 'Микрофинансирование', 1126020165950759),
(984, 2147483647, 'Оформление недвижимости / земли', 1126020165927051),
(985, 2147483647, 'Архивные услуги', 1126020165947662),
(986, 2147483647, 'Помощь в оформлении ипотеки', 1126020165943205),
(987, 2147483647, 'Юридическое обслуживание', 1126020165927256),
(988, 2147483647, 'Страхование', 1126020165927253),
(989, 2147483647, 'Регистрация / ликвидация предприятий', 1126020165927550),
(990, 2147483647, 'Управленческий консалтинг', 1126020165928150),
(991, 2147483647, 'Энергоаудит', 1126020165951924),
(992, 2147483647, 'Банки', 1126020165927404),
(993, 2147483647, 'Ломбарды', 1126020165927409),
(994, 2147483647, 'Миграционные услуги', 1126020165927242),
(995, 2147483647, 'Коллекторские услуги', 1126020165941597),
(996, 2147483647, 'Аудиторские услуги', 1126020165927251),
(997, 2147483647, 'Саморегулируемые организации (СРО)', 1126020165948378),
(998, 2147483647, 'Арбитражный управляющий', 1126020165994249),
(999, 2147483647, 'Помощь в оформлении допуска СРО', 1126020166037295),
(1000, 2147483647, 'Специальная оценка условий труда', 1126020165980744),
(1001, 2147483647, 'Оформление виз', 1126020165949027),
(1002, 2147483647, 'Инвестиционные компании', 1126020165941054),
(1003, 2147483647, 'Паевые инвестиционные фонды (ПИФы)', 1126020165931339),
(1004, 2147483647, 'Пожарная безопасность', 1126020165983238),
(1005, 2147483647, 'Бизнес-инкубаторы', 1126020165994281),
(1006, 2147483647, 'Системы денежных переводов', 1126020165947877),
(1007, 2147483647, 'Экспертиза товаров народного потребления', 1126020165947856),
(1008, 2147483647, 'Лицензирование', 1126020165940223),
(1009, 2147483647, 'Негосударственные пенсионные фонды', 1126020165944117),
(1010, 2147483647, 'Кассы обмена валют', 1126020165927410),
(1011, 2147483647, 'Радиационный контроль', 1126020165978285),
(1012, 2147483647, 'Изготовление печатей / штампов', 1126020165927551),
(1013, 2147483647, 'Операции на фондовом рынке', 1126020165927407),
(1014, 2147483647, 'Выгодные покупки с 2ГИС', 1126020165945511),
(1015, 2147483647, 'Помощь в разработке документов по ГО и ЧС', 1126020166037315),
(1016, 2147483647, 'Оценка собственности', 1126020165927244),
(1017, 2147483647, 'Ипотечное / жилищное кредитование', 1126020165943234),
(1018, 2147483647, 'Лизинговые услуги', 1126020165927549),
(1019, 2147483647, 'Помощь в банкротстве физических лиц', 1126020166037337),
(1020, 2147483647, 'Дилинговые центры', 1126020165927838),
(1021, 2147483647, 'Защита авторских прав', 1126020165927241),
(1022, 2147483647, 'Банкоматы', 1126020165927434),
(1023, 2147483647, 'Организация выставок', 1126020165927854),
(1024, 2147483647, 'Патентные услуги', 1126020165927576),
(1025, 2147483647, 'Нотариальные услуги', 1126020165927255),
(1026, 2147483647, 'Call-центры', 1126020165949041);

--
-- Индексы сохранённых таблиц
--

--
-- Индексы таблицы `zf_gparser_category`
--
ALTER TABLE `zf_gparser_category`
  ADD PRIMARY KEY (`id_gparser_category`);

--
-- Индексы таблицы `zf_gparser_contact`
--
ALTER TABLE `zf_gparser_contact`
  ADD PRIMARY KEY (`id_gparser_contact`);

--
-- Индексы таблицы `zf_gparser_firm`
--
ALTER TABLE `zf_gparser_firm`
  ADD PRIMARY KEY (`id_gparser_firm`),
  ADD UNIQUE KEY `firm_external_id` (`firm_external_id`);

--
-- Индексы таблицы `zf_gparser_sub_category`
--
ALTER TABLE `zf_gparser_sub_category`
  ADD PRIMARY KEY (`id_gparser_sub_category`);

--
-- AUTO_INCREMENT для сохранённых таблиц
--

--
-- AUTO_INCREMENT для таблицы `zf_gparser_category`
--
ALTER TABLE `zf_gparser_category`
  MODIFY `id_gparser_category` int(11) NOT NULL AUTO_INCREMENT,AUTO_INCREMENT=55;
--
-- AUTO_INCREMENT для таблицы `zf_gparser_contact`
--
ALTER TABLE `zf_gparser_contact`
  MODIFY `id_gparser_contact` int(11) NOT NULL AUTO_INCREMENT,AUTO_INCREMENT=576;
--
-- AUTO_INCREMENT для таблицы `zf_gparser_firm`
--
ALTER TABLE `zf_gparser_firm`
  MODIFY `id_gparser_firm` int(11) NOT NULL AUTO_INCREMENT,AUTO_INCREMENT=534;
--
-- AUTO_INCREMENT для таблицы `zf_gparser_sub_category`
--
ALTER TABLE `zf_gparser_sub_category`
  MODIFY `id_gparser_sub_category` int(11) NOT NULL AUTO_INCREMENT,AUTO_INCREMENT=1027;
/*!40101 SET CHARACTER_SET_CLIENT=@OLD_CHARACTER_SET_CLIENT */;
/*!40101 SET CHARACTER_SET_RESULTS=@OLD_CHARACTER_SET_RESULTS */;
/*!40101 SET COLLATION_CONNECTION=@OLD_COLLATION_CONNECTION */;
